-- phpMyAdmin SQL Dump
-- version 5.2.1
-- https://www.phpmyadmin.net/
--
-- Host: 127.0.0.1
-- Generation Time: Mar 03, 2025 at 03:27 AM
-- Server version: 10.4.32-MariaDB
-- PHP Version: 8.0.30

SET SQL_MODE = "NO_AUTO_VALUE_ON_ZERO";
START TRANSACTION;
SET time_zone = "+00:00";


/*!40101 SET @OLD_CHARACTER_SET_CLIENT=@@CHARACTER_SET_CLIENT */;
/*!40101 SET @OLD_CHARACTER_SET_RESULTS=@@CHARACTER_SET_RESULTS */;
/*!40101 SET @OLD_COLLATION_CONNECTION=@@COLLATION_CONNECTION */;
/*!40101 SET NAMES utf8mb4 */;

--
-- Database: `equipment_ups`
--

-- --------------------------------------------------------

--
-- Table structure for table `departments`
--

CREATE TABLE `departments` (
  `id` int(11) NOT NULL,
  `sortname` varchar(3) NOT NULL,
  `name` varchar(100) NOT NULL
) ENGINE=InnoDB DEFAULT CHARSET=utf8 COLLATE=utf8_general_ci;

--
-- Dumping data for table `departments`
--

INSERT INTO `departments` (`id`, `sortname`, `name`) VALUES
(1, 'สป', 'สำนักปลัดเทศบาล'),
(2, 'ศษ', 'สำนักการศึกษา'),
(3, 'สช', 'สำนักช่าง'),
(4, 'กค', 'กองคลัง'),
(5, 'สส', 'กองสาธารณสุขและสิ่งแวดล้อม'),
(6, 'กย', 'กองยุทธศาสตร์และงบประมาณ'),
(7, 'กส', 'กองสวัสดิการสังคม'),
(8, 'กจ', 'กองการเจ้าหน้าที่'),
(9, 'ผบ', 'คณะผู้บริหาร');

-- --------------------------------------------------------

--
-- Table structure for table `divisions`
--

CREATE TABLE `divisions` (
  `id` int(11) NOT NULL,
  `name` varchar(100) NOT NULL,
  `segment_id` int(11) NOT NULL DEFAULT 1
) ENGINE=InnoDB DEFAULT CHARSET=utf8 COLLATE=utf8_general_ci;

--
-- Dumping data for table `divisions`
--

INSERT INTO `divisions` (`id`, `name`, `segment_id`) VALUES
(1, 'ฝ่ายบริหารงานทั่วไป', 6),
(2, 'ฝ่ายอำนวยการ', 6),
(3, 'ฝ่ายปกครอง', 6),
(4, 'ฝ่ายประสานงานองค์กรปกครองส่วนท้องถิ่น', 6),
(5, 'ฝ่ายทะเบียนราษฎรและบัตรประจำตัวประชาชน', 6),
(6, 'ฝ่ายบริหารงานขนส่ง', 6),
(7, 'ฝ่ายนิติการ', 6),
(8, 'ฝ่ายบริหารงานทั่วไป', 7),
(9, 'ฝ่ายกิจการโรงเรียน', 1),
(10, 'ฝ่ายวิชาการ', 1),
(11, 'ฝ่ายการศึกษานอกระบบและตามอัธยาศัย', 2),
(12, 'ฝ่ายกิจกรรมเด็กและเยาวชน', 2),
(13, 'ฝ่ายส่งเสริมศาสนา ศิลปะ และวัฒนธรรม', 2),
(14, 'ฝ่ายบริหารงานทั่วไป', 8),
(15, 'ฝ่ายควบคุมอาคาร', 3),
(16, 'ฝ่ายผังเมือง', 3),
(18, 'ฝ่ายวิศวกรรมโยธา', 4),
(19, 'ฝ่ายสถาปัตยกรรม', 4),
(20, 'ฝ่ายสาธารณูปโภค', 5),
(21, 'ฝ่ายบริหารงานทั่วไป', 9),
(22, 'ฝ่ายบริหารงานคลัง', 9),
(23, 'ฝ่ายพัฒนารายได้', 9),
(24, 'ฝ่ายบริหารงานทั่วไป', 10),
(25, 'ฝ่ายบริหารงานสาธารณสุข', 10),
(26, 'ฝ่ายบริการสาธารณสุข', 10),
(27, 'ฝ่ายบริหารงานทั่วไป', 11),
(28, 'ฝ่ายบริการและเผยแพร่วิชาการ', 11),
(29, 'ฝ่ายแผนงานและงบประมาณ', 11),
(30, 'ฝ่ายสังคมสงเคราะห์', 12),
(31, 'ฝ่ายพัฒนาชุมชน', 12),
(32, 'ฝ่ายสรรหาและบรรจุแต่งตั้ง', 13),
(33, 'ฝ่ายส่งเสริมและพัฒนาบุคลากร', 13),
(34, '-', 3),
(35, '-', 4),
(36, 'ฝ่ายสวนสาธารณะ', 5),
(37, '-', 12),
(38, '-', 13),
(39, 'ฝ่ายงานเครื่องจักรกล', 5),
(40, 'ฝ่ายงานระบบการจราจร', 5),
(41, '-', 14),
(42, 'ฝ่ายช่างสุขาภิบาล', 5),
(43, '-', 5),
(44, 'ฝ่ายศึกษานิเทศก์', 7),
(45, '-', 6),
(46, '-', 7),
(47, '-', 8),
(48, '-', 9),
(49, '-', 10),
(50, '-', 11),
(51, '-', 1),
(52, '-', 2);

-- --------------------------------------------------------

--
-- Table structure for table `electrical_capacitys`
--

CREATE TABLE `electrical_capacitys` (
  `id` int(11) NOT NULL,
  `name` varchar(100) NOT NULL,
  `ups_model_id` int(11) NOT NULL DEFAULT 1
) ENGINE=InnoDB DEFAULT CHARSET=utf8 COLLATE=utf8_general_ci;

--
-- Dumping data for table `electrical_capacitys`
--

INSERT INTO `electrical_capacitys` (`id`, `name`, `ups_model_id`) VALUES
(1, '850VA', 1),
(2, '900VA', 1),
(3, '1000VA', 1),
(4, '800VA', 2),
(5, '1000VA', 2),
(6, '1200VA', 3),
(7, '1500VA', 3),
(8, '2000VA', 3),
(9, '850VA', 4),
(10, '1000VA', 4),
(11, '850VA', 5),
(12, '1000VA', 5),
(13, '1000VA', 6),
(14, '800VA', 7),
(15, '800VA', 8),
(16, '1000VA', 8),
(17, '500VA', 9),
(18, '800VA', 9),
(19, '1000VA', 9),
(20, '800VA', 10),
(21, '1000VA', 10),
(22, '1200VA', 10),
(23, '1500VA', 10),
(24, '800VA', 11),
(25, '1000VA', 11),
(26, '1200VA', 11),
(27, '1500VA', 11),
(28, '800VA', 12),
(29, '850VA', 12),
(30, '1000VA', 12),
(31, '850VA', 13),
(32, '900VA', 13),
(33, '1000VA', 13),
(34, '850VA', 14),
(35, '1000VA', 14),
(36, '800VA', 15),
(37, '1000VA', 15),
(38, '800VA', 16),
(39, '850VA', 16),
(40, '1000VA', 16),
(44, '800VA', 17),
(45, '1000VA', 17),
(46, '800VA ', 18),
(47, '1000VA ', 18),
(48, '800VA', 19),
(49, '850VA', 19),
(50, '1000VA', 19),
(51, '1200VA', 20),
(52, '1500VA', 20),
(53, '2000VA', 20),
(54, '850VA', 21),
(55, '1000VA', 21),
(56, '800VA', 22),
(57, '1000VA', 22),
(58, '800VA', 23),
(59, '1200VA', 23),
(60, '1600VA', 23),
(61, '800VA', 24),
(62, '1000VA', 24),
(63, '1200VA', 24),
(64, '2000VA', 24),
(65, '500VA', 25),
(66, '650VA', 25),
(67, '900VA', 25),
(68, '900VA', 25),
(69, '1200VA', 25),
(70, '1300VA', 25),
(71, '1500VA', 25),
(72, '1600VA', 25),
(73, '850VA', 26),
(74, '900VA', 26),
(75, '1000VA', 26),
(76, '1200VA', 27),
(77, '800VA', 28),
(78, '3000VA', 29),
(79, '800VA', 30),
(80, '1000VA', 31),
(81, '800VA', 32),
(82, '1000VA', 32);

-- --------------------------------------------------------

--
-- Table structure for table `segments`
--

CREATE TABLE `segments` (
  `id` int(11) NOT NULL,
  `name` varchar(100) NOT NULL,
  `department_id` int(11) NOT NULL DEFAULT 1
) ENGINE=InnoDB DEFAULT CHARSET=utf8 COLLATE=utf8_general_ci;

--
-- Dumping data for table `segments`
--

INSERT INTO `segments` (`id`, `name`, `department_id`) VALUES
(1, 'ส่วนบริหารการศึกษา', 2),
(2, 'ส่วนส่งเสริมการศึกษา ศาสนาและวัฒนธรรม', 2),
(3, 'ส่วนควบคุมอาคารและผังเมือง', 3),
(4, 'ส่วนควบคุมการก่อสร้าง', 3),
(5, 'ส่วนการโยธา', 3),
(6, '-', 1),
(7, '-', 2),
(8, '-', 3),
(9, '-', 4),
(10, '-', 5),
(11, '-', 6),
(12, '-', 7),
(13, '-', 8),
(14, '-', 9);

-- --------------------------------------------------------

--
-- Table structure for table `status_equipments`
--

CREATE TABLE `status_equipments` (
  `id` int(11) NOT NULL,
  `sortname` varchar(3) NOT NULL,
  `name` varchar(100) NOT NULL
) ENGINE=InnoDB DEFAULT CHARSET=utf8 COLLATE=utf8_general_ci;

--
-- Dumping data for table `status_equipments`
--

INSERT INTO `status_equipments` (`id`, `sortname`, `name`) VALUES
(1, 'กช', 'กำลังใช้งาน'),
(2, 'ชร', 'ชำรุด/กำลังซ่อมแซม'),
(3, 'อย', 'โอนย้าย'),
(4, 'รจ', 'รอจำหน่าย');

-- --------------------------------------------------------

--
-- Table structure for table `ups_brands`
--

CREATE TABLE `ups_brands` (
  `id` int(11) NOT NULL,
  `sortname` varchar(2) NOT NULL,
  `name` varchar(100) NOT NULL
) ENGINE=InnoDB DEFAULT CHARSET=utf8 COLLATE=utf8_general_ci;

--
-- Dumping data for table `ups_brands`
--

INSERT INTO `ups_brands` (`id`, `sortname`, `name`) VALUES
(1, 'ZC', 'ZIRCON'),
(2, 'CP', 'CHUPHOTIC'),
(3, 'SN', 'SYNDOME'),
(4, 'EP', 'EMPOW'),
(5, 'CB', 'CBC'),
(6, 'CL', 'CLEANLINE'),
(7, 'IP', 'IPOWER'),
(8, 'SU', 'SUN'),
(9, 'ET', 'ETECH'),
(10, 'AB', 'ABLEREX'),
(11, 'LO', 'LEONICS'),
(12, 'AV', 'ADVICE'),
(13, 'AP', 'APC'),
(14, 'NB', 'NUBOS');

-- --------------------------------------------------------

--
-- Table structure for table `ups_lists`
--

CREATE TABLE `ups_lists` (
  `id` int(11) NOT NULL,
  `serial_number` varchar(255) NOT NULL,
  `year_equipment` int(11) NOT NULL,
  `ups_brand` int(11) NOT NULL,
  `ups_model` int(11) NOT NULL,
  `electrical_capacity` int(11) NOT NULL,
  `status_equipment` int(11) NOT NULL,
  `department` int(11) NOT NULL,
  `segment` int(11) NOT NULL,
  `division` int(11) NOT NULL,
  `working` int(11) NOT NULL,
  `owner_ups` varchar(255) NOT NULL,
  `created_at` timestamp NOT NULL DEFAULT current_timestamp()
) ENGINE=InnoDB DEFAULT CHARSET=utf8 COLLATE=utf8_general_ci;

--
-- Dumping data for table `ups_lists`
--

INSERT INTO `ups_lists` (`id`, `serial_number`, `year_equipment`, `ups_brand`, `ups_model`, `electrical_capacity`, `status_equipment`, `department`, `segment`, `division`, `working`, `owner_ups`, `created_at`) VALUES
(1, '416-66-2233', 2566, 6, 15, 37, 1, 1, 6, 4, 10, 'นายวลดล หวานแหลม', '2024-06-30 06:48:39'),
(2, '416-66-2245', 2566, 6, 15, 37, 1, 1, 6, 5, 125, 'นางสาวน้องน้อย ชัยวงศ์สุรฤิทธิ์', '2024-07-02 08:44:59'),
(3, '416-66-2244', 2566, 6, 15, 37, 1, 1, 6, 5, 14, 'นางสาวน้องน้อย ชัยวงศ์สุรฤิทธิ์', '2024-07-08 07:48:37'),
(4, '416-66-2379', 2566, 1, 7, 14, 1, 1, 6, 5, 14, 'นางจารุวรรณ ไชยกันทะ', '2024-07-08 07:57:10'),
(5, '416-66-2383', 2566, 1, 7, 14, 1, 2, 2, 11, 32, 'นางณัฐรุจา โกศาวัง', '2024-07-08 08:00:42'),
(6, '416-66-2470', 2566, 1, 7, 14, 1, 4, 9, 23, 80, 'นางพิศมัย ยะมี', '2024-07-08 08:01:39'),
(7, '416-66-2438', 2566, 2, 8, 16, 1, 1, 6, 1, 3, 'นางสาวนันทนา ชัยเดี่ยว', '2024-07-08 08:30:27'),
(8, '416-66-2482', 2566, 2, 8, 16, 1, 1, 6, 1, 3, 'นางสาวนันทนา ชัยเดี่ยว', '2024-07-08 08:31:35'),
(9, '416-66-2468', 2566, 1, 7, 14, 1, 4, 9, 23, 82, 'นางสาวกนกวรรณ ลออวรากุล', '2024-07-08 08:33:21'),
(10, '416-66-2463', 2566, 2, 8, 16, 1, 4, 9, 23, 82, 'นางสาวทิฆัมพร จ่อแก้ว', '2024-07-08 08:41:23'),
(11, '416-66-2462', 2566, 2, 8, 16, 1, 4, 9, 23, 82, 'นางสาวรัชกร ใหม่กิติ', '2024-07-08 08:42:44'),
(12, '416-66-2469', 2566, 1, 7, 14, 1, 4, 9, 23, 82, 'นางสาวรัชกร ใหม่กิติ', '2024-07-08 08:45:59'),
(13, '416-66-2315', 2566, 1, 7, 14, 1, 4, 9, 23, 82, 'นางสาวรัชกร ใหม่กิติ', '2024-07-08 08:46:37'),
(14, '416-66-2463', 2566, 2, 8, 16, 1, 4, 9, 23, 83, 'นางสาวทิฆัมพร จ่อแก้ว', '2024-07-08 08:50:40'),
(15, '416-66-2464', 2566, 2, 8, 16, 1, 4, 9, 23, 83, 'นายบุญเรือง ขัดชุมแสง', '2024-07-08 08:52:11'),
(16, '416-66-2465', 2566, 2, 8, 16, 1, 4, 9, 23, 83, 'นางทองเพียร ดอกดาวเรือง', '2024-07-08 08:53:51'),
(17, '416-66-2455', 2566, 2, 8, 16, 1, 4, 9, 23, 78, 'นางสาวจิราพร เหมยน้อย', '2024-07-08 09:21:44'),
(18, '416-66-2454', 2566, 2, 8, 16, 1, 4, 9, 23, 78, 'นางสาวปารชาติ เงินสม', '2024-07-08 09:22:59'),
(19, '416-66-2469', 2566, 1, 7, 14, 1, 4, 9, 23, 80, 'นางสาวชลิตา หอมแก่นจันทร์', '2024-07-08 09:24:30'),
(20, '416-66-2456', 2566, 2, 8, 16, 1, 4, 9, 23, 83, 'นางสาวนันทพัทธ์ นรรัตน์ปพน', '2024-07-08 09:25:55'),
(21, '416-65-1883', 2565, 2, 8, 16, 1, 4, 9, 23, 84, 'นางสาวศลิลทิพย์ สุระแสน', '2024-07-08 09:41:02'),
(22, '416-66-2467', 2566, 1, 7, 14, 1, 4, 9, 23, 84, 'นางสาวภีมสินี รินสาย', '2024-07-09 06:08:50'),
(23, '416-66-2252', 2566, 10, 22, 57, 1, 9, 14, 41, 118, 'นายกิตติชัย ตะโนรี', '2024-07-09 07:27:06'),
(24, '416-66-2467', 2566, 1, 7, 14, 1, 4, 9, 23, 84, 'นางสาวภีมสินี รินสาย', '2024-09-13 03:11:12'),
(25, '416-66-2409', 2566, 1, 7, 14, 1, 4, 9, 21, 72, 'นายวิชุนัย นามสกุล', '2024-09-13 03:16:19'),
(26, '416-66-2397', 2566, 2, 8, 16, 1, 6, 11, 29, 101, 'นางสาวลัดดาวรรณ ดิษฐา', '2024-09-13 03:17:36'),
(27, '416-66-2462', 2566, 2, 8, 16, 1, 4, 9, 23, 144, 'นางรัชกร นามสกุล', '2024-09-13 03:20:16'),
(28, '416-66-2468', 2566, 1, 7, 14, 1, 4, 9, 23, 82, 'นางกนกวรรณ นามสกุล', '2024-09-13 03:24:14'),
(29, '416-66-2459', 2566, 2, 8, 16, 1, 4, 9, 23, 83, 'นายปราโมทย์ นามสกุล', '2024-09-13 03:54:42'),
(30, '416-66-2457', 2566, 2, 8, 16, 1, 4, 9, 23, 83, 'นางสาวชวิวรรณ นามสกุล', '2024-09-13 03:55:43'),
(31, '416-66-2458', 2566, 2, 8, 16, 1, 4, 9, 23, 83, 'นายอิทธิพล นามสกุล', '2024-09-13 03:56:34'),
(32, '416-66-2461', 2566, 2, 8, 16, 1, 4, 9, 23, 83, 'นายภูวนัย นามสกุล', '2024-09-13 03:58:21'),
(33, '416-66-2466', 2566, 1, 7, 14, 1, 4, 9, 23, 80, 'นางสาวกัลยา ครอบครอง', '2024-09-13 03:59:23'),
(34, '416-66-2421', 2566, 2, 8, 16, 1, 4, 9, 22, 76, 'นางสาววรรัสภรณ์ นามสกุล', '2024-09-13 04:01:48'),
(35, '416-66-2399', 2566, 2, 8, 16, 1, 6, 11, 29, 100, 'นางสาววราพรรณ นามสกุล', '2024-09-13 04:02:42'),
(36, '416-66-2398', 2566, 2, 8, 16, 1, 6, 11, 29, 100, 'นางพรพิมล นามสกุล', '2024-09-13 04:04:03'),
(37, '416-59-0903', 2559, 1, 5, 12, 1, 4, 9, 21, 73, 'นางสาวนภัสสรณ์ นามสกุล', '2024-09-13 07:01:51'),
(38, '416-59-0904', 2559, 1, 5, 12, 1, 4, 9, 21, 73, 'นางสาวเสมอเดือน นามสกุล', '2024-09-13 07:04:03'),
(39, '416-55-0063', 2555, 3, 9, 19, 1, 4, 9, 22, 76, 'นางสาวศิริลักษณ์ ทองคำ', '2024-09-13 07:06:09'),
(40, '416-51-0912', 2551, 3, 9, 19, 4, 3, 4, 18, 51, 'นายเจษฏา ทิพย์เนตร', '2024-09-13 07:10:42'),
(41, '416-46-0174', 2546, 3, 9, 19, 4, 3, 4, 18, 51, 'นายมานพ อุดหมอ', '2024-09-13 07:12:29'),
(42, '416-65-2045', 2565, 4, 11, 26, 1, 3, 4, 18, 51, 'นายสุรชัย นามสกุล', '2024-09-13 07:15:14'),
(43, '416-52-0627', 2552, 3, 9, 19, 1, 3, 4, 18, 51, 'นายชาลี ใจเร็ว', '2024-09-13 07:16:19'),
(44, '416-65-2049', 2549, 4, 11, 26, 1, 3, 5, 20, 57, 'นายสว่าง คำพิละ', '2024-09-13 07:22:47'),
(45, '416-63-1617', 2563, 3, 10, 21, 1, 2, 2, 11, 34, 'นายรัชชานนท์ สุวรรณภูมิ', '2024-09-13 07:31:04'),
(46, '416-64-1795', 2564, 6, 16, 40, 1, 2, 2, 11, 34, 'นายรัชชานนท์ สุวรรณภูมิ', '2024-09-13 07:34:04'),
(47, '416-66-1775', 2566, 1, 7, 14, 1, 2, 2, 11, 34, 'นายรัชชานนท์ สุวรรณภูมิ', '2024-09-13 07:34:49'),
(48, '416-66-0000', 2566, 5, 13, 31, 1, 1, 6, 1, 1, 'นางสาวนันทิมา พวงสุวรรณ', '2024-09-13 07:39:14'),
(49, '416-51-0420', 2551, 3, 10, 21, 1, 1, 6, 1, 1, 'นางกนิษฐา ไชยแก้ว', '2024-09-13 07:45:16'),
(50, '416-66-0000', 2566, 1, 7, 14, 1, 1, 6, 1, 121, 'นายสวาท จำปาอูป', '2024-09-13 07:50:01'),
(51, '416-66-1902', 2566, 1, 7, 14, 1, 5, 10, 24, 85, 'นางสาวศศิธร อินใจกุล', '2024-09-13 07:51:29'),
(52, '416-63-1415', 2563, 4, 12, 28, 1, 5, 10, 26, 94, '1388', '2024-09-13 07:53:32'),
(53, '416-63-1416', 2563, 4, 12, 30, 1, 5, 10, 25, 89, 'นางสาวมิสากร เกสสุมน', '2024-09-13 07:56:41'),
(54, '416-66-0000', 2566, 2, 8, 16, 1, 1, 6, 1, 3, 'นางสาวนันทนา ชัยเดี่ยว', '2024-09-13 08:00:18'),
(55, '416-52-0570', 2552, 8, 18, 46, 1, 3, 8, 14, 39, 'นางสาวสิริกร สุวรรณศรี', '2024-09-13 08:08:10'),
(56, '416-65-2016', 2565, 8, 18, 47, 1, 3, 8, 14, 39, 'นางสาวกรรณิการ์ ฉันโท', '2024-09-13 08:08:58'),
(57, '416-65-2017', 2565, 1, 7, 14, 1, 3, 3, 15, 136, 'นายสุทิพัตร สุรพงษ์', '2024-09-13 08:11:32'),
(58, '416-66-0000', 2566, 1, 7, 14, 1, 3, 3, 15, 136, 'นายพัสสรร ศรีสรัส', '2024-09-13 08:12:39'),
(59, '416-52-0606', 2552, 1, 7, 14, 1, 3, 3, 15, 44, 'นายนวัตร ข้ามสาม', '2024-09-13 08:13:45'),
(60, '416-65-2019', 2565, 1, 7, 14, 1, 3, 5, 42, 65, 'นางสาวอุษณี โตนะโพธ์', '2024-09-13 08:14:40'),
(61, '416-65-2105', 2565, 1, 7, 14, 1, 1, 6, 3, 6, 'นายอันนพ ฟังเพลง', '2024-09-13 08:53:15'),
(62, '416-65-2106', 2565, 1, 7, 14, 1, 1, 6, 3, 6, 'นายอันนพ ฟังเพลง', '2024-09-13 08:55:07'),
(63, '416-65-2107', 2565, 1, 7, 14, 1, 1, 6, 3, 7, 'นางสาวรุ่งพร อนันต์พัฒนา', '2024-09-13 08:57:58'),
(64, '416-65-2013', 2565, 4, 27, 76, 1, 1, 6, 4, 9, 'นางสาวศิริกัญญา วงศ์วุฒิ', '2024-09-16 04:33:30'),
(65, '416-65-1996', 2565, 4, 27, 76, 2, 1, 6, 4, 9, 'นางสาวศิริกัญญา วงศ์วุฒิ', '2024-09-16 04:34:28'),
(66, '416-66-2245', 2566, 6, 15, 37, 1, 1, 6, 5, 12, 'นางสาวน้องน้อย ชัยวงศ์สุรฤทธิ์', '2024-09-16 04:40:54'),
(67, '416-63-1759', 2563, 1, 6, 13, 1, 1, 6, 7, 17, 'นางสาวคนึงสุข นันทชมพู', '2024-09-16 04:52:46'),
(68, '416-65-1759', 2565, 1, 7, 14, 1, 1, 6, 3, 6, 'นายอรรนพ ฟังเพราะ', '2024-09-16 04:54:04'),
(69, '416-65-2108', 2565, 1, 7, 14, 1, 1, 6, 3, 6, 'นางสาวอภิชญา นามสกุล', '2024-09-16 04:55:10'),
(70, '416-66-2238', 2566, 6, 16, 40, 1, 6, 11, 28, 99, 'นายสันติ การินตา', '2024-09-16 06:33:25'),
(71, '416-66-0000', 2566, 2, 8, 16, 1, 6, 11, 29, 101, 'นางสาวนรินทร์ธร นามสกุล', '2024-09-16 06:34:41'),
(72, '416-65-1986', 2565, 4, 11, 25, 1, 6, 11, 27, 97, 'นางอุบล นามสกุล', '2024-09-16 06:35:32'),
(73, '416-65-1987', 2565, 4, 12, 30, 1, 6, 11, 27, 96, 'นางดวงนภา นามสกุล', '2024-09-16 06:36:28'),
(74, '416-51-0419', 2551, 3, 10, 21, 1, 1, 6, 1, 2, 'นางสาวอิชยาพร ปูเต็มวงศ์', '2024-09-16 06:39:03'),
(75, '416-66-0000', 2566, 10, 22, 57, 1, 9, 14, 41, 118, 'เลขาแม็ก', '2024-09-16 06:40:43'),
(76, '416-59-0921', 2559, 9, 21, 55, 1, 3, 4, 35, 48, 'นางสาวสุนิสา จันทรา', '2024-09-16 06:41:55'),
(77, '416-65-2048', 2565, 4, 11, 25, 1, 3, 4, 35, 48, 'นายมานพ อุดหมอ', '2024-09-16 06:43:43'),
(78, '416-46-6173', 2546, 11, 28, 77, 1, 3, 4, 35, 48, 'นางสาววราพรรณ ทะชมพู', '2024-09-16 06:56:49'),
(79, '416-66-0000', 2566, 1, 7, 14, 1, 5, 10, 25, 91, 'นางสาววริทญ์ราน์ นามสกุล', '2024-09-16 06:59:59'),
(80, '416-66-0000', 2566, 3, 10, 21, 1, 5, 10, 25, 91, 'นางสาววริทญ์ราน์ นามสกุล', '2024-09-16 07:01:06'),
(81, '416-64-1787', 2564, 6, 29, 78, 1, 2, 2, 11, 34, 'นายณัฐวุฒิ จวงงาม', '2024-09-16 07:36:03'),
(82, '416-64-1788', 2564, 6, 29, 78, 1, 2, 2, 11, 34, 'นายณัฐวุฒิ จวงงาม', '2024-09-16 07:37:10'),
(83, '416-64-1790', 2564, 6, 29, 78, 1, 2, 2, 11, 34, 'นายณัฐวุฒิ จวงงาม', '2024-09-16 07:38:39'),
(84, '416-64-1789', 2564, 6, 29, 78, 1, 2, 2, 11, 34, 'นายณัฐวุฒิ จวงงาม', '2024-09-16 07:39:18'),
(85, '416-66-0000', 2566, 1, 7, 14, 1, 2, 2, 11, 34, 'นายณัฐวุฒิ จวงงาม', '2024-09-16 07:39:53'),
(86, '416-66-0000', 2566, 1, 7, 14, 1, 3, 5, 43, 55, 'นางสาวเมธ์วดี ชมภูจา', '2024-09-16 07:48:43'),
(87, '416-64-1808', 2564, 1, 30, 79, 1, 2, 2, 52, 169, 'นางสุกัญญา นามสกุล', '2024-09-16 08:07:26'),
(88, '416-66-2203', 2566, 7, 17, 44, 1, 2, 2, 11, 132, 'นางสาวนันท์หทัย นามสกุล', '2024-09-16 08:09:47'),
(89, '416-60-1286', 2560, 1, 3, 6, 1, 2, 2, 13, 134, 'นางสาวมณฑา นามสกุล', '2024-09-16 08:19:38'),
(90, '415-65-1934', 2565, 1, 7, 14, 1, 2, 2, 13, 37, 'นายศิรากร นามสกุล', '2024-09-16 08:21:10'),
(91, '416-65-1924', 2565, 1, 7, 14, 1, 2, 1, 9, 129, 'นางสาวธัญญากร นามสกุล', '2024-09-16 08:22:10'),
(92, '416-66-2260', 2566, 7, 17, 44, 1, 2, 1, 9, 129, 'นางสาวณัฏฐณิชา นามสกุล', '2024-09-16 08:23:18'),
(93, '416-65-1921', 2565, 1, 7, 14, 1, 2, 1, 51, 168, 'นางสาวสุริพร ดำสม', '2024-09-16 08:24:30'),
(94, '416-65-1925', 2565, 1, 7, 14, 1, 2, 2, 12, 35, 'นางสาวพันทิมา นามสกุล', '2024-09-16 08:26:35'),
(95, '416-65-1928', 2565, 1, 7, 14, 1, 2, 2, 12, 35, 'นางสาวสาทิมา นามสกุล', '2024-09-16 08:27:28'),
(96, '416-65-1932', 2565, 1, 7, 14, 1, 2, 2, 12, 35, 'นางสาวเบญจมาภรณ๋ นามสกุล', '2024-09-16 08:28:24'),
(97, '416-66-2261', 2566, 7, 17, 44, 1, 2, 7, 8, 20, 'นางสาวกนกวรรณ นามสกุล', '2024-09-16 08:29:54'),
(98, '416-66-2259', 2566, 7, 17, 44, 1, 2, 7, 8, 20, 'นางสาวศศิมา นามสกุล', '2024-09-16 08:30:46'),
(99, '416-66-2290', 2566, 9, 20, 53, 1, 2, 7, 8, 20, 'นางสาวศุรนันท์ นามสกุล', '2024-09-16 08:32:08'),
(100, '416-64-1809', 2564, 1, 7, 14, 1, 2, 1, 51, 168, 'นางสาวกนกกาญจน์ นามสกุล', '2024-09-16 08:35:07'),
(101, '416-66-0000', 2566, 1, 7, 14, 1, 8, 13, 33, 116, 'นางสาวคนามาศ ยาบ้านแป้ง', '2024-09-16 08:37:24'),
(102, '416-63-1760', 2563, 1, 7, 14, 1, 8, 13, 38, 110, 'นางสาวอริษา นามสกุล', '2024-09-16 08:38:09'),
(103, '416-66-0000', 2566, 1, 7, 14, 1, 8, 13, 33, 116, 'นงาสาวสุธิณี นามสกุล', '2024-09-16 08:38:54'),
(104, '416-66-0000', 2566, 1, 7, 14, 1, 8, 13, 38, 110, 'นางสาวนริศรา จำแม่น', '2024-09-16 08:58:14'),
(105, '416-66-0000', 2566, 1, 7, 14, 1, 8, 13, 38, 167, 'นายอนุรักษ์ นามสกุล', '2024-09-16 08:59:22'),
(106, '416-66-0000', 2566, 1, 7, 14, 1, 8, 13, 38, 110, 'กาแฟ', '2024-09-16 09:00:05'),
(107, '416-65-1887', 2565, 4, 11, 25, 1, 4, 9, 22, 76, 'นางสาวเกษภรณ์ นามสกุล', '2024-09-16 09:09:12'),
(108, '416-49-0316', 2549, 8, 18, 47, 1, 4, 9, 22, 76, 'นางสาวสิริวรรณ นามสกุล', '2024-09-16 09:25:47'),
(109, '416-55-0064', 2555, 1, 7, 14, 1, 4, 9, 22, 76, 'นงาสาวภสรนันท์ นามสกุล', '2024-09-16 09:27:00'),
(110, '416-62-1846', 2562, 1, 3, 6, 1, 4, 9, 23, 82, 'นางสาวกนิษฐา คำวงศ์', '2024-09-16 09:28:13'),
(111, '416-62-1343', 2562, 1, 3, 6, 1, 4, 9, 23, 82, 'นางสาวกนิษฐา คำวงศ์', '2024-09-16 09:29:37'),
(112, '416-66-1883', 2566, 1, 7, 14, 1, 4, 9, 23, 84, 'นางสาวสลิลทิพย์ สุระแสน', '2024-09-16 09:30:42'),
(113, '416-65-1930', 2565, 1, 7, 14, 1, 2, 2, 11, 32, 'นางสาวศศิพา ธรรมศิทธิ์', '2024-09-17 08:05:26'),
(114, '416-65-1323', 2565, 1, 7, 14, 1, 2, 7, 8, 20, 'นางสาวศศิพา ธรรมสิทธิ์', '2024-09-17 08:11:05'),
(115, '416-66-0000', 2566, 1, 7, 14, 1, 2, 2, 11, 32, 'นายกิติณัฐ พรหมสิทธิ์', '2024-09-17 08:12:51'),
(116, '416-66-0000', 2566, 1, 7, 14, 1, 4, 9, 23, 78, 'นางสาววิพาพร นามสกุุล', '2024-09-17 08:31:35'),
(117, '416-66-0000', 2566, 2, 8, 16, 1, 4, 9, 23, 83, 'นางสาวฑิฆัมพร นามสกุล', '2024-09-17 08:34:44'),
(118, '416-66-0000', 2566, 2, 8, 16, 1, 4, 9, 23, 83, 'นางสาวทองทิพย์ นามสกุล', '2024-09-17 08:35:27'),
(119, '416-62-1342', 2562, 1, 3, 6, 1, 4, 9, 23, 82, 'นางสาวกนกวรรณ นามสกุล', '2024-09-17 08:37:41'),
(120, '416-61-1301', 2561, 1, 1, 3, 1, 4, 9, 23, 82, 'นางสาวกนกวรรณ นามสกุล', '2024-09-17 08:38:45'),
(121, '416-66-0000', 2566, 2, 8, 16, 1, 4, 9, 23, 82, 'นาย๓ูวนัย นามสกุล', '2024-09-17 08:39:30'),
(122, '416-56-0770', 2556, 5, 13, 31, 1, 4, 9, 23, 80, 'นางสาวณัฐสิตางค์ นามสกุล', '2024-09-17 08:48:52'),
(123, '416-66-0000', 2566, 1, 7, 14, 1, 4, 9, 23, 80, 'นางสาวกัลยา ครอบครอง', '2024-09-17 08:50:15'),
(124, '416-63-1728', 2563, 1, 7, 14, 1, 4, 9, 23, 80, 'นายมงคลรัตน นามสกุล', '2024-09-17 08:51:35'),
(125, '416-56-0772', 2556, 5, 13, 31, 1, 4, 9, 23, 82, 'นางสาวรวินท์นิภา นามสกุล', '2024-09-17 08:54:54'),
(126, '416-66-0000', 2566, 2, 8, 16, 1, 1, 6, 1, 3, 'นางสาวเนตรชนก กาญจนดิษฐ์', '2024-09-17 08:56:20'),
(127, '416-66-0000', 2566, 2, 8, 16, 1, 1, 6, 1, 3, 'นางสาวนันทนา ชัยเดี่ยว', '2024-09-17 08:56:56'),
(128, '416-65-1993', 2565, 4, 11, 25, 1, 6, 11, 29, 101, 'นางสาวลัดดาวัลย์ ดิฐฐา', '2024-09-17 08:59:22'),
(129, '416-65-1990', 2565, 4, 11, 26, 1, 6, 11, 29, 100, 'นายพิชญะ ดวงฟู', '2024-09-17 09:06:43'),
(130, '416-63-1412', 2563, 3, 31, 80, 1, 6, 11, 29, 100, 'นางนารี เมืองมูล', '2024-09-17 09:25:22'),
(131, '416-65-1991', 2565, 4, 11, 25, 1, 6, 11, 29, 102, 'นางสาวภัทรธิดา ผึ้งสุข', '2024-09-17 09:28:45'),
(132, '416-66-0000', 2566, 2, 8, 16, 1, 6, 11, 28, 149, 'นางสาวญาดา ณ วงจันทร์', '2024-09-17 09:29:56'),
(133, '416-66-0000', 2566, 1, 7, 14, 1, 9, 14, 41, 118, 'นายนพดล ชมพูไชย', '2024-09-17 09:31:02'),
(134, '416-65-2015', 2565, 1, 7, 14, 1, 3, 8, 14, 40, 'นางสาวศรัญญา ณ คำสาร', '2024-09-18 02:22:12'),
(135, '416-52-0605', 2552, 3, 9, 19, 1, 3, 8, 14, 39, 'นางสาวธัญรตา เยาวลัฤสมาส', '2024-09-18 02:25:28'),
(136, '416-52-0608', 2552, 3, 9, 19, 1, 3, 3, 16, 137, 'นายอำนาจ เครือไชย', '2024-09-18 02:26:35'),
(137, '416-66-0000', 2566, 1, 7, 14, 1, 3, 3, 16, 137, 'นายวัชรพงค์ วงศ์ชมพู', '2024-09-18 02:28:38'),
(138, '416-66-0000', 2566, 2, 8, 16, 1, 3, 5, 42, 71, 'นายอนุพงศ์ คิวฟู', '2024-09-18 02:30:01'),
(139, '416-65-2020', 2565, 1, 7, 14, 1, 3, 5, 42, 71, 'นางสุธินี มูลสวัสดิ์', '2024-09-18 02:33:10'),
(140, '416-59-0918', 2559, 12, 24, 62, 1, 3, 5, 42, 71, 'นางสาวภัทรพร ชั้นเปลือยทง', '2024-09-18 02:36:48'),
(141, '416-66-0000', 2566, 1, 7, 14, 1, 3, 5, 42, 71, 'นางสาวภัทรพร นามสกุล', '2024-09-18 02:40:09'),
(142, '416-65-1992', 2565, 4, 11, 25, 1, 6, 11, 29, 102, 'หัวหน้าวิ', '2024-09-18 02:46:16'),
(143, '416-63-1753', 2563, 1, 6, 13, 1, 6, 11, 29, 101, 'นางสาวพัชรธิดา นามสกุล', '2024-09-18 02:51:01'),
(144, '416-66-0000', 2566, 2, 8, 16, 1, 6, 11, 29, 100, 'นางพรพิมน นามสกุล', '2024-09-18 02:58:28'),
(145, '416-59-0898', 2559, 1, 1, 1, 1, 6, 11, 29, 100, 'นางสาววราพรรณ ทะชมพู', '2024-09-18 02:59:58'),
(146, '416-63-6176', 2563, 1, 4, 10, 1, 6, 11, 28, 96, 'นายณัฐพล พงษ์สีโน', '2024-09-18 03:02:21'),
(147, '416-63-1444', 2563, 12, 24, 62, 1, 6, 11, 28, 98, 'นายณัฐวุฒิ นามสกุล', '2024-09-18 03:03:29'),
(148, '416-63-1755', 2563, 12, 24, 62, 1, 6, 11, 28, 98, 'นางสาวสกาวรัตน์ นามสกุล', '2024-09-18 03:14:19'),
(149, '416-63-1446', 2563, 12, 24, 61, 1, 6, 11, 28, 98, 'บูเก้', '2024-09-18 03:20:56'),
(150, '416-63-1448', 2563, 12, 24, 61, 1, 6, 11, 28, 98, 'พี่เอกใหญ่', '2024-09-18 03:21:58'),
(151, '416-66-0000', 2566, 9, 19, 48, 1, 1, 6, 1, 121, 'นางสาวภัลลภา นามสกุล', '2024-09-18 03:25:06'),
(152, '416-52-0607', 2552, 3, 9, 18, 1, 3, 3, 34, 42, 'นางสาวพัลลภา นามสกุล', '2024-09-18 03:27:59'),
(153, '416-66-0000', 2566, 1, 7, 14, 1, 3, 3, 15, 43, 'ต้อม', '2024-09-18 03:29:29'),
(154, '416-52-0602', 2552, 3, 9, 18, 1, 3, 3, 15, 43, 'นายวัฒนา นามสกุล', '2024-09-18 03:30:45'),
(155, '416-65-2018', 2565, 1, 7, 14, 1, 3, 3, 15, 136, 'นายชูศักดิ์ นามสกุล', '2024-09-18 03:31:44'),
(156, '416-65-2042', 2565, 4, 27, 76, 1, 3, 5, 42, 158, 'นางสาวจารุภาส นามสกุล', '2024-09-18 03:32:50'),
(157, '416-55-0066', 2555, 14, 26, 73, 1, 4, 9, 22, 76, 'นางกาญจนา มงคล', '2024-09-18 03:47:05'),
(158, '416-65-1888', 2565, 4, 27, 76, 1, 4, 9, 22, 76, 'นางสาวนุชนารถ เฟื่องแปง', '2024-09-18 03:48:05'),
(159, '416-62-1352', 2562, 1, 3, 6, 1, 4, 9, 22, 76, 'นางสาวฉลัชชา นามสกุล', '2024-09-18 03:54:04'),
(160, '416-66-0000', 2566, 1, 7, 14, 1, 4, 9, 21, 72, 'นางสาวรุ่งทิวา นามสกุล', '2024-09-18 03:55:11'),
(161, '416-59-0902', 2559, 1, 3, 6, 1, 4, 9, 22, 143, 'นางจิรดา วงศ์สุวรรณ', '2024-09-18 03:56:39'),
(162, '416-62-1344', 2562, 1, 3, 6, 1, 4, 9, 23, 82, 'นายพฤกษา นามสกุล', '2024-09-18 03:57:52'),
(163, '416-62-1347', 2562, 1, 3, 6, 1, 4, 9, 23, 82, 'นางสาวปาริชาตินามสกุล', '2024-09-18 03:58:58'),
(164, '416-66-1886', 2566, 4, 11, 25, 1, 4, 9, 22, 77, 'นางสาวปิยะพร ขุศย์สุข', '2024-09-18 04:10:44'),
(165, '416-52-2577', 2552, 3, 10, 21, 1, 4, 9, 21, 72, 'นายเทพ พรหมเรือง', '2024-09-18 04:12:03'),
(166, '416-59-0901', 2559, 1, 5, 12, 1, 4, 9, 21, 142, 'นางสาวพีรทธ์ ใหม่กิติ', '2024-09-18 04:13:57'),
(167, '416-65-1891', 2565, 4, 11, 25, 1, 4, 9, 22, 74, 'นางโสมิศ โยมศรีวงศ์', '2024-09-18 04:15:16'),
(168, '416-65-2044', 2565, 4, 11, 25, 1, 4, 9, 21, 72, 'นางสาวปรียากมล ต้นมั่น', '2024-09-18 04:16:11'),
(169, '416-52-0629', 2559, 1, 1, 3, 1, 3, 4, 18, 51, 'ใครสักคน', '2024-09-18 04:17:22'),
(170, '416-66-0000', 2566, 13, 32, 82, 1, 5, 10, 24, 85, 'นางสาวเสริมสิริ นามสกุล', '2024-09-18 06:24:55'),
(171, '416-59-0895', 2559, 1, 1, 3, 1, 5, 10, 24, 85, 'นางสาวนันทิมา นามสกุล', '2024-09-18 07:31:45'),
(172, '416-66-1832', 2566, 1, 2, 5, 1, 5, 10, 26, 93, 'นางสาวธนยพร นามสกุล', '2024-09-18 07:33:33'),
(173, '416-64-1852', 2564, 1, 3, 6, 1, 5, 10, 26, 93, 'นางสาวศิรธร นามสกุล', '2024-09-18 07:35:06'),
(174, '416-66-1904', 2566, 1, 7, 14, 1, 5, 10, 26, 93, 'นางสาวนิตยา เตชะกันทา', '2024-09-19 03:17:54'),
(175, '416-66-0000', 2566, 1, 7, 14, 1, 5, 10, 26, 94, 'นางสาวณัฐรุจา โกษาวัง', '2024-09-19 03:19:18'),
(176, '416-63-1613', 2563, 1, 3, 6, 1, 5, 10, 25, 91, 'นายปริวัตร ทองอุไร', '2024-09-19 03:21:29'),
(177, '416-66-0000', 2566, 2, 8, 16, 1, 4, 9, 23, 83, 'นางสาวธนวรรณ์ ธันสุวรรณ', '2024-09-19 03:26:42'),
(178, '416-63-1727', 2563, 1, 7, 14, 1, 4, 9, 23, 80, 'นายอลัน เขียววอน', '2024-09-19 03:40:10'),
(179, '416-65-1824', 2565, 1, 7, 14, 1, 4, 9, 23, 80, 'นางสาวกัลยา ครอบครอง', '2024-09-19 03:41:09'),
(180, '416-58-0824', 2558, 1, 3, 6, 1, 4, 9, 23, 83, 'นางสาวธนัชญา มีกลิ่น', '2024-09-19 03:42:09'),
(181, '416-66-0000', 2566, 2, 8, 16, 1, 4, 9, 23, 83, 'นางบุญเรือง ขัดชุมแสง', '2024-09-19 03:43:26'),
(182, '416-66-0000', 2566, 1, 7, 14, 1, 4, 9, 23, 80, 'นางพิศมัย ยะมี', '2024-09-19 03:44:13'),
(183, '416-62-1349', 2562, 1, 3, 6, 1, 4, 9, 23, 81, 'นางสาวแคทรียา ตาอ้ายเทือก', '2024-09-19 03:45:14'),
(184, '416-65-1885', 2565, 1, 7, 14, 1, 4, 9, 48, 163, 'นางสาวฉวีวรรณ มะติโย', '2024-09-19 03:49:34'),
(185, '416-66-0000', 2566, 2, 8, 16, 1, 4, 9, 48, 163, 'นางสาวฉลิตา หอมก่นจันทร์', '2024-09-19 03:50:26'),
(186, '416-65-1933', 2565, 1, 7, 14, 1, 4, 9, 48, 163, 'นางสุวิมล นามสกุล', '2024-09-19 03:54:35'),
(187, '416-63-1411', 2563, 3, 9, 18, 1, 4, 9, 48, 163, 'นางสาวศิริกาญ เชื้อเมืองพาน', '2024-09-19 03:55:29'),
(188, '416-66-0000', 2566, 1, 7, 14, 1, 4, 9, 48, 163, 'นางสาวศิริรัตน นามสกุล', '2024-09-19 03:56:29'),
(189, '416-66-2262', 2566, 6, 15, 36, 1, 4, 9, 48, 163, 'นายธนภัทร โตนปาล', '2024-09-19 03:57:43'),
(190, '416-66-2212', 2566, 3, 10, 20, 1, 4, 9, 48, 163, 'นายนฤตย์ ไวปัญญา', '2024-09-19 03:58:41'),
(191, '416-66-0000', 2566, 1, 7, 14, 1, 4, 9, 48, 163, 'นางสาววิภาดา นามสกุล', '2024-09-19 03:59:25'),
(192, '441-66-2211', 2566, 2, 8, 16, 1, 4, 9, 23, 144, 'นางสาววิภาดา นามสกุล', '2024-09-19 04:00:12'),
(193, '416-66-0000', 2566, 1, 7, 14, 1, 4, 9, 48, 163, 'นางสาววรัภัสสรี สุเมทา', '2024-09-19 04:11:47'),
(194, '416-66-0000', 2566, 1, 7, 14, 1, 4, 9, 48, 163, 'นางอัญผกา สวยสด', '2024-09-19 04:13:10'),
(195, '416-66-0000', 2566, 1, 7, 14, 1, 4, 9, 48, 163, 'นายศุภมาศ ฝั้นอักสาย', '2024-09-19 04:14:03'),
(196, '416-66-0000', 2566, 2, 8, 16, 1, 4, 9, 48, 163, 'นายปราโมทย์ อักษรพับ', '2024-09-19 04:14:54'),
(197, '416-66-0000', 2566, 2, 8, 16, 1, 4, 9, 48, 163, 'นางสาวชะวิวรรณ จินา', '2024-09-19 04:15:32'),
(198, '416-66-0000', 2566, 2, 8, 16, 1, 4, 9, 48, 163, 'นายวิทธิพล รัตนเตชา', '2024-09-19 04:16:13'),
(199, '416-65-1882', 2565, 1, 7, 14, 1, 4, 9, 48, 163, 'นางผ่องศรี โสติน', '2024-09-19 04:16:58'),
(200, '416-66', 2566, 0, 0, 0, 0, 0, 0, 0, 0, 'นาย', '2025-01-20 03:40:00');

-- --------------------------------------------------------

--
-- Table structure for table `ups_models`
--

CREATE TABLE `ups_models` (
  `id` int(11) NOT NULL,
  `name` varchar(100) NOT NULL,
  `ups_brand_id` int(11) NOT NULL DEFAULT 1
) ENGINE=InnoDB DEFAULT CHARSET=utf8 COLLATE=utf8_general_ci;

--
-- Dumping data for table `ups_models`
--

INSERT INTO `ups_models` (`id`, `name`, `ups_brand_id`) VALUES
(1, 'GALAXY', 1),
(2, 'AX', 1),
(3, 'SMOOTH I', 1),
(4, 'SMOOTH A', 1),
(5, 'SMOOTH D', 1),
(6, 'AI-PLUS', 1),
(7, 'ICT-1', 1),
(8, 'PLUTO OA', 2),
(9, 'GOLD SERIES', 3),
(10, 'SZ PRO SERIES', 3),
(11, 'SIR D SERIES', 4),
(12, 'SIR E SERIES', 4),
(13, 'CHAMP', 5),
(14, 'MD', 6),
(15, 'AI', 6),
(16, 'IPOWER', 6),
(17, 'ICT', 7),
(18, 'EVEREST', 8),
(19, 'THOR', 9),
(20, 'GRAND', 9),
(21, 'EGO', 9),
(22, 'GR 800', 10),
(23, 'BLUE', 12),
(24, 'SMART', 12),
(25, 'BR', 13),
(26, 'NUBOS', 14),
(27, 'SIR O SERIES', 4),
(28, 'GREEN-800', 11),
(29, 'T-3000', 6),
(30, 'NT-LED 800', 1),
(31, 'ECO II-1000 LED', 3),
(32, 'EASY', 13);

-- --------------------------------------------------------

--
-- Table structure for table `workings`
--

CREATE TABLE `workings` (
  `id` int(11) NOT NULL,
  `name` varchar(100) NOT NULL,
  `division_id` int(11) NOT NULL DEFAULT 1
) ENGINE=InnoDB DEFAULT CHARSET=utf8 COLLATE=utf8_general_ci;

--
-- Dumping data for table `workings`
--

INSERT INTO `workings` (`id`, `name`, `division_id`) VALUES
(1, 'งานธุรการ', 1),
(2, 'งานสารบรรณ', 1),
(3, 'งานศูนย์บริการร่วมและรับเรื่องราวร้องทุกข์', 1),
(4, 'งานส่งเสริมการท่องเที่ยว', 2),
(5, 'งานควบคุมเทศพาณิชย์', 2),
(6, 'งานป้องกันและบรรเทาสาธารณภัย', 3),
(7, 'งานรักษาความสงบ', 3),
(8, 'งานอาสาป้องกันภัยฝ่ายพลเรือน', 3),
(9, 'งานบริหารกิจการสภา', 4),
(10, 'งานกฎหมาย', 4),
(11, 'งานเลขานุการผู้บริหารและรัฐพิธี', 4),
(12, 'งานทะเบียนราษฎร', 5),
(13, 'งานบัตรประจำตัวประชาชน', 5),
(14, 'งานข้อมูลทะเบียนราษฎรและบัตรประจำตัวประชาชน', 5),
(15, 'งานบริหารกิจการสถานีขนส่ง', 6),
(16, 'งานการเงินและบัญชี', 6),
(17, 'งานรับเรื่องราวร้องทุกข์', 7),
(18, 'งานนิติกรรมสัญญา', 7),
(19, 'งานบังคับคดี', 7),
(20, 'งานธุรการ', 8),
(21, 'งานแผนงานและโครงการ', 8),
(22, 'งานระบบสารสนเทศ', 8),
(23, 'งานงบประมาณ', 8),
(24, 'งานพัสดุ', 8),
(25, 'งานการเงินและบัญชี', 8),
(26, 'งานการศึกษาปฐมวัย', 9),
(27, 'งานโรงเรียน', 9),
(28, 'งานกิจการนักเรียน', 9),
(29, 'งานศูนย์พัฒนาเด็กเล็ก', 9),
(30, 'งานส่งเสริมคุณภาพและมาตรฐานหลักสูตร', 10),
(31, 'งานพัฒนาสื่อเทคโนโลยีและนวัตกรรมทางการศึกษา', 10),
(32, 'งานการศึกษานอกระบบและตามอัธยาศัย', 11),
(33, 'งานห้องสมุด', 11),
(34, 'งานพิพิธภัณฑ์และเครือข่ายทางการศึกษา', 11),
(35, 'งานกิจกรรมเด็กและเยาวชน', 12),
(36, 'งานกีฬาและนันทนาการ', 12),
(37, 'งานกิจการศาสนา', 13),
(38, 'งานส่งเสริมประเพณี ศิลปวัฒนธรรม', 13),
(39, 'งานธุรการ (สำนัก)', 14),
(40, 'งานการเงินและบัญชี (สำนัก)', 14),
(41, 'งานสารบรรณ', 14),
(42, 'งานธุรการ', 34),
(43, 'งานควบคุมอาคาร', 15),
(44, 'งานขออนุญาตอาคาร', 15),
(45, 'งานจัดทำผังเมือง', 16),
(46, 'งานควบคุมผังเมือง', 16),
(47, 'งานอนุรักษ์สถาปัตยกรรมและโบราณสถาน', 16),
(48, 'งานธุรการ', 35),
(49, 'งานประมาณราคา', 35),
(50, 'งานแผนงานและโครงการ', 35),
(51, 'งานวิศวกรรมโยธา 1', 18),
(52, 'งานวิศวกรรมโยธา 2', 18),
(53, 'งานสถาปัตยกรรม 1', 19),
(54, 'งานสถาปัตยกรรม 2', 19),
(55, 'งานธุรการ', 43),
(56, 'งานบำรุงรักษาทางและสะพาน', 20),
(57, 'งานบำรุงรักษาสถานที่', 20),
(58, 'งานไฟฟ้าสาธารณะ', 20),
(59, 'งานเรือนเพาะชำและขยายพันธุ์', 36),
(60, 'งานควบคุมและบำรุงรักษาสวนสาธารณะ', 36),
(61, 'งานวางแผนและบริหารเครื่องจักรกลและยานพาหนะ', 39),
(62, 'งานซ่อมและบำรุงเครื่องจักรกลและยานพาหนะ', 39),
(63, 'งานวางระบบจราจร', 40),
(64, 'งานพัฒนาการสอน', 44),
(65, 'งานกำจัดขยะมูลฝอยและสิ่งปฏิกูล', 42),
(66, 'งานเครื่องจักรกลและซ่อมบำรุง', 42),
(67, 'งานควบคุมและตรวจสอบการบำบัดน้ำเสีย', 42),
(68, 'งานวิจัยและประเมินผลและบริการทางการศึกษา', 44),
(69, 'งานวิเคราะห์คุณภาพน้ำ', 42),
(70, 'งานซ่อมแซมและบำรุงรักษา', 42),
(71, 'งานแบบแผนและก่อสร้าง', 42),
(72, 'งานธุรการ', 21),
(73, 'งานการเงินและบัญชี (กอง)', 21),
(74, 'งานการเงินและบัญชี', 22),
(75, 'งานระเบียบและสถิติการคลัง', 22),
(76, 'งานพัสดุ', 22),
(77, 'งานทะเบียนทรัพย์สิน', 22),
(78, 'งานพัฒนารายได้', 23),
(79, 'งานเร่งรัดรายได้', 23),
(80, 'งานผลประโยชน์', 23),
(81, 'งานกิจการพาณิชย์', 23),
(82, 'งานจัดเก็บภาษี', 23),
(83, 'งานแผนที่ภาษีและทะเบียนทรัพย์สิน', 23),
(84, 'งานบริการข้อมูลแผนที่ภาษีและทะเบียนทรัพย์สิน', 23),
(85, 'งานธุรการ', 24),
(86, 'งานการเงินและบัญชี', 24),
(87, 'งานสุขาภิบาลอนามัยและสิ่งแวดล้อม', 25),
(88, 'งานสุขาภิบาลอาหารและคุ้มครองผู้บริโภค', 25),
(89, 'งานรักษาความสะอาด', 25),
(90, 'งานตลาด', 25),
(91, 'งานศูนย์บริการสาธารณสุข', 25),
(92, 'งานทันตกรรม', 25),
(93, 'งานส่งเสริมสุขภาพ', 26),
(94, 'งานป้องกันและควบคุมโรคติดต่อ', 26),
(95, 'งานสัตวแพทย์', 26),
(96, 'งานธุรการ', 27),
(97, 'งานสารบรรณ', 27),
(98, 'งานประชาสัมพันธ์', 28),
(99, 'งานศูนย์เทคโนโลยีสารสนเทศและการสื่อสาร', 28),
(100, 'งานวิเคราะห์นโยบายและแผน', 29),
(101, 'งานจัดทำงบประมาณ', 29),
(102, 'งานวิจัยและประเมินผล', 29),
(103, 'งานธุรการ', 37),
(104, 'งานสังคมสงเคราะห์', 30),
(105, 'งานส่งเสริมและพัฒนาเด็ก สตรี คนพิการ และคนชรา', 30),
(106, 'งานพัฒนาชุมชน', 31),
(107, 'งานชุมชนเมือง', 31),
(108, 'งานส่งเสริมการจัดสวัสดิการสังคม', 31),
(109, 'งานส่งเสริมและพัฒนาอาชีพ', 31),
(110, 'งานธุรการ', 38),
(111, 'งานการเจ้าหน้าที่', 32),
(112, 'งานบุคลากรทางการศึกษา', 32),
(113, 'งานอัตรากำลังและข้อมูลบุคลากร', 32),
(114, 'งานพัฒนาบุคลากร', 33),
(115, 'งานสิทธิสวัสดิการ', 33),
(116, 'งานการรักษาวินัย', 33),
(117, 'งานส่งเสริมคุณธรรม', 33),
(118, '-', 41),
(119, 'งานสัญญาณไฟฟ้าและเครื่องหมายจราจร', 40),
(120, 'งานพัฒนาการนิเทศ', 44),
(121, '-', 1),
(122, '-', 2),
(123, '-', 3),
(124, '-', 4),
(125, '-', 5),
(126, '-', 6),
(127, '-', 7),
(128, '-', 8),
(129, '-', 9),
(131, '-', 10),
(132, '-', 11),
(133, '-', 12),
(134, '-', 13),
(135, '-', 14),
(136, '-', 15),
(137, '-', 16),
(138, '-', 17),
(139, '-', 18),
(140, '-', 19),
(141, '-', 20),
(142, '-', 21),
(143, '-', 22),
(144, '-', 23),
(145, '-', 24),
(146, '-', 25),
(147, '-', 26),
(148, '-', 27),
(149, '-', 28),
(150, '-', 29),
(151, '-', 30),
(152, '-', 31),
(153, '-', 32),
(154, '-', 33),
(155, '-', 36),
(156, '-', 39),
(157, '-', 40),
(158, '-', 42),
(159, '-', 44),
(160, '-', 45),
(161, '-', 46),
(162, '-', 47),
(163, '-', 48),
(164, '-', 49),
(165, '-', 50),
(166, '-', 37),
(167, '-', 38),
(168, '-', 51),
(169, '-', 52),
(170, '-', 34),
(171, '-', 35),
(172, '-', 41),
(173, '-', 43);

--
-- Indexes for dumped tables
--

--
-- Indexes for table `departments`
--
ALTER TABLE `departments`
  ADD PRIMARY KEY (`id`);

--
-- Indexes for table `divisions`
--
ALTER TABLE `divisions`
  ADD PRIMARY KEY (`id`);

--
-- Indexes for table `electrical_capacitys`
--
ALTER TABLE `electrical_capacitys`
  ADD PRIMARY KEY (`id`);

--
-- Indexes for table `segments`
--
ALTER TABLE `segments`
  ADD PRIMARY KEY (`id`);

--
-- Indexes for table `status_equipments`
--
ALTER TABLE `status_equipments`
  ADD PRIMARY KEY (`id`);

--
-- Indexes for table `ups_brands`
--
ALTER TABLE `ups_brands`
  ADD PRIMARY KEY (`id`);

--
-- Indexes for table `ups_lists`
--
ALTER TABLE `ups_lists`
  ADD PRIMARY KEY (`id`),
  ADD KEY `serial_number` (`serial_number`),
  ADD KEY `year_equipment` (`year_equipment`),
  ADD KEY `ups_brand` (`ups_brand`),
  ADD KEY `ups_model` (`ups_model`),
  ADD KEY `electrical_capacity` (`electrical_capacity`),
  ADD KEY `status_equipment` (`status_equipment`),
  ADD KEY `department` (`department`),
  ADD KEY `segment` (`segment`),
  ADD KEY `division` (`division`),
  ADD KEY `working` (`working`),
  ADD KEY `owner_ups` (`owner_ups`),
  ADD KEY `created_at` (`created_at`);

--
-- Indexes for table `ups_models`
--
ALTER TABLE `ups_models`
  ADD PRIMARY KEY (`id`);

--
-- Indexes for table `workings`
--
ALTER TABLE `workings`
  ADD PRIMARY KEY (`id`);

--
-- AUTO_INCREMENT for dumped tables
--

--
-- AUTO_INCREMENT for table `departments`
--
ALTER TABLE `departments`
  MODIFY `id` int(11) NOT NULL AUTO_INCREMENT, AUTO_INCREMENT=10;

--
-- AUTO_INCREMENT for table `divisions`
--
ALTER TABLE `divisions`
  MODIFY `id` int(11) NOT NULL AUTO_INCREMENT, AUTO_INCREMENT=53;

--
-- AUTO_INCREMENT for table `electrical_capacitys`
--
ALTER TABLE `electrical_capacitys`
  MODIFY `id` int(11) NOT NULL AUTO_INCREMENT, AUTO_INCREMENT=83;

--
-- AUTO_INCREMENT for table `segments`
--
ALTER TABLE `segments`
  MODIFY `id` int(11) NOT NULL AUTO_INCREMENT, AUTO_INCREMENT=15;

--
-- AUTO_INCREMENT for table `status_equipments`
--
ALTER TABLE `status_equipments`
  MODIFY `id` int(11) NOT NULL AUTO_INCREMENT, AUTO_INCREMENT=5;

--
-- AUTO_INCREMENT for table `ups_brands`
--
ALTER TABLE `ups_brands`
  MODIFY `id` int(11) NOT NULL AUTO_INCREMENT, AUTO_INCREMENT=15;

--
-- AUTO_INCREMENT for table `ups_lists`
--
ALTER TABLE `ups_lists`
  MODIFY `id` int(11) NOT NULL AUTO_INCREMENT, AUTO_INCREMENT=201;

--
-- AUTO_INCREMENT for table `ups_models`
--
ALTER TABLE `ups_models`
  MODIFY `id` int(11) NOT NULL AUTO_INCREMENT, AUTO_INCREMENT=33;

--
-- AUTO_INCREMENT for table `workings`
--
ALTER TABLE `workings`
  MODIFY `id` int(11) NOT NULL AUTO_INCREMENT, AUTO_INCREMENT=174;
COMMIT;

/*!40101 SET CHARACTER_SET_CLIENT=@OLD_CHARACTER_SET_CLIENT */;
/*!40101 SET CHARACTER_SET_RESULTS=@OLD_CHARACTER_SET_RESULTS */;
/*!40101 SET COLLATION_CONNECTION=@OLD_COLLATION_CONNECTION */;
