-- phpMyAdmin SQL Dump
-- version 5.2.1
-- https://www.phpmyadmin.net/
--
-- Host: 127.0.0.1
-- Generation Time: Jul 16, 2025 at 11:06 AM
-- Server version: 10.4.32-MariaDB
-- PHP Version: 8.0.30

SET SQL_MODE = "NO_AUTO_VALUE_ON_ZERO";
START TRANSACTION;
SET time_zone = "+00:00";


/*!40101 SET @OLD_CHARACTER_SET_CLIENT=@@CHARACTER_SET_CLIENT */;
/*!40101 SET @OLD_CHARACTER_SET_RESULTS=@@CHARACTER_SET_RESULTS */;
/*!40101 SET @OLD_COLLATION_CONNECTION=@@COLLATION_CONNECTION */;
/*!40101 SET NAMES utf8mb4 */;

--
-- Database: `equipment_computer`
--

-- --------------------------------------------------------

--
-- Table structure for table `brand_cpus`
--

CREATE TABLE `brand_cpus` (
  `id` int(11) NOT NULL,
  `sortname` varchar(3) NOT NULL,
  `name` varchar(100) NOT NULL
) ENGINE=InnoDB DEFAULT CHARSET=utf8 COLLATE=utf8_general_ci;

--
-- Dumping data for table `brand_cpus`
--

INSERT INTO `brand_cpus` (`id`, `sortname`, `name`) VALUES
(1, 'INT', 'Intel'),
(2, 'AMD', 'AMD');

-- --------------------------------------------------------

--
-- Table structure for table `computer_cases`
--

CREATE TABLE `computer_cases` (
  `id` int(11) NOT NULL,
  `name` varchar(100) NOT NULL,
  `computer_type_id` int(11) NOT NULL DEFAULT 1
) ENGINE=InnoDB DEFAULT CHARSET=utf8 COLLATE=utf8_general_ci;

--
-- Dumping data for table `computer_cases`
--

INSERT INTO `computer_cases` (`id`, `name`, `computer_type_id`) VALUES
(1, 'LENOVO', 1),
(2, 'ACER', 1),
(3, 'HP', 1),
(4, 'ASUS', 1),
(5, 'DELL', 1),
(6, 'AMD', 1),
(7, 'SINO', 1),
(8, 'LEMEL', 1),
(9, 'GVIEW', 1),
(10, 'SVOA', 1),
(11, 'COOLNAS', 1),
(12, 'AERO COOL', 1),
(13, 'ANTEC', 1),
(14, 'CUBIC', 1),
(15, 'ITSONAS', 1),
(16, 'VIKINGS', 1),
(17, 'LITEON', 1),
(18, 'LENOVO', 2),
(19, 'ACER', 2),
(20, 'HP', 2),
(21, 'ASUS', 2),
(22, 'DELL', 2),
(23, 'HP', 3),
(24, 'ACER', 3),
(25, 'LENOVO', 3),
(26, 'SAMSUNG', 3);

-- --------------------------------------------------------

--
-- Table structure for table `computer_lists`
--

CREATE TABLE `computer_lists` (
  `id` int(11) NOT NULL,
  `serial_number` varchar(255) NOT NULL,
  `year_equipment` int(11) NOT NULL,
  `computer_type` int(11) NOT NULL,
  `computer_case` int(11) NOT NULL,
  `computer_model` int(11) NOT NULL,
  `brand_cpu` int(11) NOT NULL,
  `spec_cpu` int(11) NOT NULL,
  `speed_cpu` varchar(255) NOT NULL,
  `storage_device` int(11) NOT NULL,
  `storage_spec` int(11) NOT NULL,
  `ram_computer` int(11) NOT NULL,
  `microsoft_office` int(11) NOT NULL,
  `key_product_office` varchar(255) NOT NULL,
  `os_computer` int(11) NOT NULL,
  `key_product_windows` varchar(255) NOT NULL,
  `status_equipment` int(11) NOT NULL,
  `department` int(11) NOT NULL,
  `segment` int(11) NOT NULL,
  `division` int(11) NOT NULL,
  `working` int(11) NOT NULL,
  `owner_computer` varchar(255) NOT NULL,
  `created_at` timestamp NOT NULL DEFAULT current_timestamp()
) ENGINE=InnoDB DEFAULT CHARSET=utf8 COLLATE=utf8_general_ci;

--
-- Dumping data for table `computer_lists`
--

INSERT INTO `computer_lists` (`id`, `serial_number`, `year_equipment`, `computer_type`, `computer_case`, `computer_model`, `brand_cpu`, `spec_cpu`, `speed_cpu`, `storage_device`, `storage_spec`, `ram_computer`, `microsoft_office`, `key_product_office`, `os_computer`, `key_product_windows`, `status_equipment`, `department`, `segment`, `division`, `working`, `owner_computer`, `created_at`) VALUES
(1, '416-47-0215', 2547, 1, 17, 34, 1, 1, '3.90GHz.', 2, 10, 35, 149, 'XXXXX-XXXXX-XXXXX-XXXXX-XXXXX', 378, 'XXXXX-XXXXX-XXXXX-XXXXX-XXXXX', 1, 4, 9, 22, 77, 'นางกนกรัตน์ ตื้อเครือ', '2024-05-29 11:03:06'),
(2, '416-49-0273', 2549, 1, 14, 30, 2, 12, '3.20GHz.', 2, 10, 35, 149, 'XXXXX-XXXXX-XXXXX-XXXXX-XXXXX', 378, 'XXXXX-XXXXX-XXXXX-XXXXX-XXXXX', 1, 4, 9, 22, 77, 'นางสาวธนัญญา ไชยรุ่งเรือง', '2024-05-29 11:25:55'),
(3, '416-49-0273', 2549, 1, 14, 30, 2, 12, '3.20GHz.', 2, 10, 35, 149, 'XXXXX-XXXXX-XXXXX-XXXXX-XXXXX', 378, 'XXXXX-XXXXX-XXXXX-XXXXX-XXXXX', 1, 4, 9, 22, 77, 'นางสาวธนัญญา ไชยรุ่งเรือง', '2024-06-10 17:23:37'),
(4, '416-41-0041', 2541, 1, 17, 34, 1, 1, '3.70GHz.', 2, 8, 33, 137, 'XXXXX-XXXXX-XXXXX-XXXXX-XXXXX', 342, 'XXXXX-XXXXX-XXXXX-XXXXX-XXXXX', 1, 4, 9, 21, 72, 'นางพีรมาช์ โทมมัติ', '2024-05-29 11:33:34'),
(5, '416-66-2347', 2566, 1, 1, 41, 1, 2, '2.70GHz', 3, 11, 43, 208, 'XXXXX-XXXXX-XXXXX-XXXXX-XXXXX', 556, 'M7VJM-NHQRY-M4M7C-FJWB3-49CKM', 1, 8, 13, 33, 114, 'นางสาวณิชทิพมณี ปิ่นหล้า', '2024-06-21 06:21:09'),
(6, '416-57-0786', 2557, 1, 8, 24, 2, 19, '3.50GHz.', 1, 5, 11, 33, 'XXXXX-XXXXX-XXXXX-XXXXX-XXXXX', 59, 'XXXXX-XXXXX-XXXXX-XXXXX-XXXXX', 1, 4, 9, 22, 74, 'นางสาวสิริยากร ปัญญาสอน', '2024-05-29 11:51:09'),
(7, '416-66-2324', 2566, 2, 19, 49, 1, 2, '2.70GHz', 3, 11, 44, 214, 'XXXXX-XXXXX-XXXXX-XXXXX-XXXXX', 574, 'M7VJM-NHQRY-M4M7C-FJWB3-49CKM', 1, 8, 13, 32, 113, 'นางสาวนิรัญญา คำปันบุตร', '2024-06-21 06:25:00'),
(8, '416-49-0314', 2549, 1, 9, 25, 1, 2, '3.10GHz.', 2, 6, 23, 86, 'XXXXX-XXXXX-XXXXX-XXXXX-XXXXX', 202, 'XXXXX-XXXXX-XXXXX-XXXXX-XXXXX', 1, 4, 9, 22, 76, 'นายธีรวัฒน์ หนุนนำ', '2024-06-10 17:40:45'),
(9, '416-66-2288', 2566, 1, 2, 50, 1, 2, '2.90GHz.', 3, 11, 44, 214, 'XXXXX-XXXXX-XXXXX-XXXXX-XXXXX', 574, 'M7VJM-NHQRY-M4M7C-FJWB3-49CKM', 1, 3, 4, 19, 53, 'นายอินทมาต อินทรชัยศรี', '2024-06-09 06:42:45'),
(10, '416-66-2388', 2566, 1, 2, 50, 1, 3, '2.90GHz', 3, 11, 44, 214, 'XXXXX-XXXXX-XXXXX-XXXXX-XXXXX', 574, 'M7VJM-NHQRY-M4M7C-FJWB3-49CKM', 1, 6, 11, 29, 100, 'นางสาวจีรนันท์ กันทะตั๋น', '2024-06-19 17:43:09'),
(11, '416-60-1232', 2560, 1, 2, 2, 1, 2, '3.70GHz.', 2, 6, 27, 103, 'XXXXX-XXXXX-XXXXX-XXXXX-XXXXX', 240, 'XXXXX-XXXXX-XXXXX-XXXXX-XXXXX', 1, 6, 11, 27, 97, 'นางอุบล บุพพัณหสมัย', '2024-06-16 20:44:13'),
(12, '416-62-1321', 2562, 1, 2, 2, 1, 3, '3.60GHz.', 1, 5, 14, 50, 'XXXXX-XXXXX-XXXXX-XXXXX-XXXXX', 107, 'XXXXX-XXXXX-XXXXX-XXXXX-XXXXX', 1, 2, 2, 11, 34, 'นายอนิพจน์ พรรณรัตน์', '2024-05-27 11:56:51'),
(13, '416-52-0615', 2552, 1, 7, 23, 1, 4, '3.50GHz.', 2, 6, 27, 102, 'XXXXX-XXXXX-XXXXX-XXXXX-XXXXX', 236, 'XXXXX-XXXXX-XXXXX-XXXXX-XXXXX', 1, 3, 4, 35, 48, 'นางสาวสุนิสา จันทรา', '2024-06-16 20:48:20'),
(14, '416-65-2029', 2565, 1, 2, 50, 1, 3, '2.90GHz.', 1, 5, 14, 52, 'XXXXX-XXXXX-XXXXX-XXXXX-XXXXX', 114, 'H6TN2-D7HW6-2436Y-9Q9YX-P3722', 1, 3, 4, 19, 54, 'นายอินทมาต  อินทชัยศรี', '2024-05-28 02:15:06'),
(15, '416-65-2031', 2565, 1, 2, 50, 1, 3, '2.90GHz.', 1, 5, 14, 52, 'XXXXX-XXXXX-XXXXX-XXXXX-XXXXX', 114, 'WKMYW-NHHKK-JPGMF-7CJJD-49CKC', 1, 3, 4, 19, 54, 'นายเจษฎาพร ทิพยเนตร', '2024-05-30 10:32:42'),
(16, '416-51-0001', 2551, 1, 7, 23, 1, 4, '3.50GHz.', 1, 4, 10, 29, 'XXXXX-XXXXX-XXXXX-XXXXX-XXXXX', 52, 'XXXXX-XXXXX-XXXXX-XXXXX-XXXXX', 1, 3, 4, 18, 51, 'นายสรัตชัย พรหมละ', '2024-05-30 18:02:53'),
(17, '416-52-0001', 2552, 1, 12, 28, 1, 1, '2.90GHz.', 1, 4, 10, 29, 'XXXXX-XXXXX-XXXXX-XXXXX-XXXXX', 52, 'XXXXX-XXXXX-XXXXX-XXXXX-XXXXX', 1, 3, 4, 18, 51, ' นายชาลี ใจเร็ว', '2024-05-30 18:11:56'),
(18, '416-66-2305', 2566, 1, 2, 50, 1, 1, '3.70GHz.', 3, 11, 42, 201, 'XXXXX-XXXXX-XXXXX-XXXXX-XXXXX', 535, 'XXXXX-XXXXX-XXXXX-XXXXX-XXXXX', 1, 3, 3, 34, 42, 'นางสาวถทัยรัตน์ สูทรพงษ์', '2024-06-14 04:23:46'),
(19, '416-65-2003', 2565, 1, 2, 50, 1, 1, '3.70GHz.', 3, 11, 42, 201, 'XXXXX-XXXXX-XXXXX-XXXXX-XXXXX', 534, 'XXXXX-XXXXX-XXXXX-XXXXX-XXXXX', 1, 3, 8, 14, 39, 'นางสาวกรรณิการ์ ฉันโท', '2024-05-31 10:57:59'),
(20, '416-65-2027', 2565, 1, 2, 50, 1, 3, '2.90GHz.', 1, 5, 14, 52, 'XXXXX-XXXXX-XXXXX-XXXXX-XXXXX', 114, 'XXXXX-XXXXX-XXXXX-XXXXX-XXXXX', 1, 3, 4, 35, 48, 'นางปรียากมล คำแจ้', '2024-06-04 01:56:13'),
(21, '416-51-0518', 2551, 1, 17, 34, 1, 6, '2.40GHz.', 2, 6, 21, 80, 'XXXXX-XXXXX-XXXXX-XXXXX-XXXXX', 190, 'XXXXX-XXXXX-XXXXX-XXXXX-XXXXX', 1, 3, 4, 35, 48, 'นายสวาท แสงกาบคำ', '2024-06-04 01:58:47'),
(22, '416-42-0001', 2542, 1, 16, 33, 2, 12, '3.20GHz.', 2, 10, 41, 192, 'XXXXX-XXXXX-XXXXX-XXXXX-XXXXX', 508, 'XXXXX-XXXXX-XXXXX-XXXXX-XXXXX', 1, 3, 4, 35, 50, ' นายโชติ กฤษอัมร์', '2024-06-04 02:02:00'),
(23, '416-42-0002', 2542, 1, 14, 30, 1, 5, '3.70GHz.', 2, 6, 31, 123, 'XXXXX-XXXXX-XXXXX-XXXXX-XXXXX', 300, 'XXXXX-XXXXX-XXXXX-XXXXX-XXXXX', 3, 3, 4, 19, 53, 'งานสถาปัตยกรรม 1', '2024-06-04 02:08:20'),
(24, '416-55-0740', 2555, 1, 3, 5, 2, 9, '3.10GHz.', 2, 10, 35, 149, 'XXXXX-XXXXX-XXXXX-XXXXX-XXXXX', 378, 'XXXXX-XXXXX-XXXXX-XXXXX-XXXXX', 1, 3, 4, 19, 53, 'นายคมกริช สุรภักดี', '2024-06-04 02:13:02'),
(25, '416-52-0621', 2552, 1, 8, 24, 1, 1, '2.90GHz.', 2, 10, 41, 192, 'XXXXX-XXXXX-XXXXX-XXXXX-XXXXX', 507, 'XXXXX-XXXXX-XXXXX-XXXXX-XXXXX', 1, 3, 4, 18, 51, 'นายพิสิฐ ชัยวงศ์สุรฤทธิ์', '2024-06-04 02:57:54'),
(26, '416-42-0003', 2542, 1, 12, 28, 1, 1, '3.60GHz.', 1, 4, 17, 67, 'XXXXX-XXXXX-XXXXX-XXXXX-XXXXX', 157, 'XXXXX-XXXXX-XXXXX-XXXXX-XXXXX', 1, 3, 4, 19, 53, 'นายชาลี ใจเร็ว', '2024-06-04 03:02:33'),
(27, '416-42-0004', 2542, 1, 7, 23, 2, 12, '3.20GHz.', 2, 6, 31, 124, 'XXXXX-XXXXX-XXXXX-XXXXX-XXXXX', 303, 'XXXXX-XXXXX-XXXXX-XXXXX-XXXXX', 1, 3, 8, 14, 41, 'นางสาวนิรชา จิตตปิญตา', '2024-06-04 03:08:07'),
(28, '416-42-0005', 2542, 1, 7, 23, 1, 7, '1.87GHz.', 2, 8, 22, 81, 'XXXXX-XXXXX-XXXXX-XXXXX-XXXXX', 192, 'XXXXX-XXXXX-XXXXX-XXXXX-XXXXX', 1, 3, 8, 14, 40, 'นางสาวประภาพร ใจละออ', '2024-06-04 03:10:44'),
(29, '416-44-0075', 2544, 1, 7, 23, 1, 4, '2.90GHz.', 2, 8, 22, 82, 'XXXXX-XXXXX-XXXXX-XXXXX-XXXXX', 194, 'XXXXX-XXXXX-XXXXX-XXXXX-XXXXX', 1, 3, 8, 14, 40, 'นางสาวศรัญญา ณ คำสาร', '2024-06-04 03:16:14'),
(30, '416-51-0390', 2551, 1, 7, 23, 1, 4, '4.10GHz.', 2, 6, 31, 124, 'XXXXX-XXXXX-XXXXX-XXXXX-XXXXX', 303, 'XXXXX-XXXXX-XXXXX-XXXXX-XXXXX', 1, 3, 8, 14, 39, 'นายณัฐพล โตพ่วง', '2024-06-04 03:19:32'),
(31, '416-45-0119', 2545, 1, 7, 23, 1, 4, '3.10GHz.', 2, 7, 28, 106, 'XXXXX-XXXXX-XXXXX-XXXXX-XXXXX', 250, 'XXXXX-XXXXX-XXXXX-XXXXX-XXXXX', 1, 3, 8, 14, 39, 'นายศุรางค์ศิรัตน์ แสงเทียน', '2024-06-04 03:23:38'),
(32, '416-52-0589', 2552, 1, 16, 33, 1, 4, '4.00GHz.', 1, 3, 12, 38, 'XXXXX-XXXXX-XXXXX-XXXXX-XXXXX', 71, 'XXXXX-XXXXX-XXXXX-XXXXX-XXXXX', 1, 3, 8, 14, 39, 'นางสาวกรรณิกา จันทราพูล', '2024-06-04 03:26:38'),
(33, '416-52-0590', 2552, 1, 12, 28, 1, 4, '4.00GHz.', 2, 8, 29, 112, 'XXXXX-XXXXX-XXXXX-XXXXX-XXXXX', 267, 'XXXXX-XXXXX-XXXXX-XXXXX-XXXXX', 1, 3, 8, 14, 39, 'นางสาวธัญรต เยาวล์ฤลมาศ', '2024-06-04 03:36:01'),
(34, '416-52-0591', 2552, 1, 12, 30, 2, 12, '3.20GHz.', 2, 8, 33, 135, 'XXXXX-XXXXX-XXXXX-XXXXX-XXXXX', 336, 'XXXXX-XXXXX-XXXXX-XXXXX-XXXXX', 1, 3, 3, 16, 133, 'นายอำนาจ เครือไชย', '2024-06-04 03:38:53'),
(35, '416-42-0006', 2542, 1, 14, 30, 1, 1, '3.70GHz.', 1, 4, 13, 47, 'XXXXX-XXXXX-XXXXX-XXXXX-XXXXX', 98, 'XXXXX-XXXXX-XXXXX-XXXXX-XXXXX', 1, 3, 5, 40, 62, 'นายเสวก จันทวงศ์', '2024-06-04 04:09:04'),
(36, '416-42-0329', 2542, 1, 7, 23, 1, 7, '1.86GHz.', 1, 4, 2, 5, 'XXXXX-XXXXX-XXXXX-XXXXX-XXXXX', 5, 'XXXXX-XXXXX-XXXXX-XXXXX-XXXXX', 1, 3, 8, 14, 39, 'นางกาญจนา นะรานันท์', '2024-06-05 11:13:29'),
(37, '416-60-0934', 2560, 1, 7, 23, 1, 4, '2.00GHz.', 1, 1, 3, 8, 'XXXXX-XXXXX-XXXXX-XXXXX-XXXXX', 9, 'XXXXX-XXXXX-XXXXX-XXXXX-XXXXX', 1, 3, 8, 14, 39, 'นางสาวณีรนุช นันทิมา', '2024-06-05 11:16:21'),
(38, '416-60-0934', 2560, 1, 7, 23, 1, 4, '2.00GHz.', 2, 6, 21, 80, 'XXXXX-XXXXX-XXXXX-XXXXX-XXXXX', 189, 'XXXXX-XXXXX-XXXXX-XXXXX-XXXXX', 1, 3, 8, 14, 39, 'นางสาวณีรนุช นันทิมา', '2024-06-05 11:17:49'),
(39, '416-42-0329', 2540, 1, 7, 23, 1, 7, '1.86GHz.', 2, 6, 18, 74, 'XXXXX-XXXXX-XXXXX-XXXXX-XXXXX', 177, 'XXXXX-XXXXX-XXXXX-XXXXX-XXXXX', 1, 3, 8, 14, 39, 'นางกาญจนา นะรานันท์', '2024-06-05 11:19:30'),
(40, '416-50-0338', 2550, 1, 7, 23, 1, 4, '3.70GHz.', 2, 8, 29, 111, 'XXXXX-XXXXX-XXXXX-XXXXX-XXXXX', 264, 'XXXXX-XXXXX-XXXXX-XXXXX-XXXXX', 1, 3, 8, 14, 131, 'นางพัลลภา สุริยะมณี', '2024-06-05 11:23:07'),
(41, '416-51-5553', 2551, 1, 1, 40, 1, 1, '3.20GHz.', 3, 11, 44, 215, 'XXXXX-XXXXX-XXXXX-XXXXX-XXXXX', 577, 'XXXXX-XXXXX-XXXXX-XXXXX-XXXXX', 1, 2, 1, 9, 26, 'นายธนาพรรณ สัมปสิทธิ', '2024-06-05 11:29:35'),
(42, '416-65-1954', 2565, 1, 2, 50, 1, 3, '2.90GHz.', 1, 5, 14, 49, 'XXXXX-XXXXX-XXXXX-XXXXX-XXXXX', 105, 'KNPRP-47KX7-449FC-XD2P2-279XC', 1, 6, 11, 28, 98, 'นายณัฐพล พงศ์สีรินทร์', '2024-06-06 11:16:20'),
(43, '416-60-1235', 2560, 1, 1, 48, 1, 2, '2.70GHz.', 1, 4, 13, 43, 'XXXXX-XXXXX-XXXXX-XXXXX-XXXXX', 86, 'XXXXX-XXXXX-XXXXX-XXXXX-XXXXX', 1, 6, 11, 28, 98, 'นายณัฐวุฒิ ปรียาบุตร', '2024-06-06 11:19:39'),
(44, '416-66-2402', 2566, 1, 2, 50, 1, 3, '2.10GHz.', 3, 11, 44, 214, 'XXXXX-XXXXX-XXXXX-XXXXX-XXXXX', 574, 'M7VJM-NHQRY-M4M7C-FJWB3-49CKM', 3, 6, 11, 28, 98, 'นางสาวสกาวรัตน์ จันทร์มาทอง', '2024-06-06 12:12:33'),
(45, '416-61-1311', 2561, 1, 5, 20, 1, 1, '3.90GHz.', 1, 4, 15, 58, 'XXXXX-XXXXX-XXXXX-XXXXX-XXXXX', 131, 'XXXXX-XXXXX-XXXXX-XXXXX-XXXXX', 1, 6, 11, 28, 98, 'นางสาวกุลธิดา เมฆนภากรณ์', '2024-06-06 12:14:29'),
(46, '416-60-1255', 2560, 1, 16, 33, 1, 3, '2.90GHz.', 1, 5, 14, 49, 'XXXXX-XXXXX-XXXXX-XXXXX-XXXXX', 104, 'XXXXX-XXXXX-XXXXX-XXXXX-XXXXX', 1, 4, 9, 22, 76, 'นางสาววรภัสร์ สุเมทา', '2024-06-06 12:28:28'),
(47, '416-57-0784', 2557, 1, 16, 33, 2, 12, '3.10GHz.', 1, 5, 11, 35, 'XXXXX-XXXXX-XXXXX-XXXXX-XXXXX', 64, 'XXXXX-XXXXX-XXXXX-XXXXX-XXXXX', 1, 4, 9, 22, 76, 'นางอัญผกา สวยสด', '2024-06-06 12:31:00'),
(48, '416-57-0784', 2557, 1, 16, 33, 2, 12, '3.10GHz.', 2, 8, 29, 113, 'XXXXX-XXXXX-XXXXX-XXXXX-XXXXX', 270, 'XXXXX-XXXXX-XXXXX-XXXXX-XXXXX', 1, 4, 9, 22, 76, 'นางอัญผกา สวยสด', '2024-06-06 12:33:33'),
(49, '416-60-1255', 2560, 1, 16, 33, 1, 3, '2.90GHz.', 2, 6, 31, 123, 'XXXXX-XXXXX-XXXXX-XXXXX-XXXXX', 300, 'XXXXX-XXXXX-XXXXX-XXXXX-XXXXX', 1, 4, 9, 22, 76, 'นางสาววรภัสร์ สุเมทา', '2024-06-06 12:35:43'),
(50, '416-49-0199', 2549, 1, 3, 14, 1, 1, '2.70GHz.', 1, 4, 13, 47, 'XXXXX-XXXXX-XXXXX-XXXXX-XXXXX', 98, 'XXXXX-XXXXX-XXXXX-XXXXX-XXXXX', 1, 4, 9, 22, 76, 'นางสาวศุภมาศ ฝั้นจักสาย', '2024-06-06 12:39:31'),
(51, '416-66-2438', 2566, 1, 3, 7, 1, 1, '2.70GHz.', 1, 4, 15, 59, 'XXXXX-XXXXX-XXXXX-XXXXX-XXXXX', 135, 'M7VJM-NHQRY-M4M7C-FJWB3-49CKM', 1, 4, 9, 23, 83, 'นายปราโมทย์ อักษะทับ', '2024-06-06 12:42:17'),
(52, '416-56-0760', 2556, 1, 16, 33, 2, 19, '3.10GHz.', 2, 6, 23, 86, 'XXXXX-XXXXX-XXXXX-XXXXX-XXXXX', 202, 'XXXXX-XXXXX-XXXXX-XXXXX-XXXXX', 1, 4, 9, 23, 83, 'นางสาวระวิวรรณ จินา', '2024-06-06 12:45:55'),
(53, '416-66-2437', 2566, 1, 2, 50, 1, 3, '2.90GHz.', 3, 11, 44, 214, 'XXXXX-XXXXX-XXXXX-XXXXX-XXXXX', 574, 'M7VJM-NHQRY-M4M7C-FJWB3-49CKM', 1, 4, 9, 23, 83, 'นายอิทธิพล รัตนเดชา', '2024-06-06 12:48:35'),
(54, '416-65-1860', 2565, 1, 2, 50, 1, 2, '2.70GHz.', 1, 4, 13, 47, 'XXXXX-XXXXX-XXXXX-XXXXX-XXXXX', 99, 'XXXXX-XXXXX-XXXXX-XXXXX-XXXXX', 1, 4, 9, 23, 84, 'นางพ่องศรี โลติน', '2024-06-06 12:52:20'),
(55, '416-65-1852', 2565, 1, 2, 50, 1, 2, '2.90GHz.', 1, 4, 15, 59, 'XXXXX-XXXXX-XXXXX-XXXXX-XXXXX', 135, '6PNJ7-06M9Q-V2236-7BXX7-77V22', 1, 4, 9, 23, 80, 'นางสาวฉวีวรรณ มะติยา', '2024-06-06 12:57:04'),
(56, '416-42-0052', 2542, 1, 3, 5, 1, 1, '3.60GHz.', 1, 2, 8, 24, 'XXXXX-XXXXX-XXXXX-XXXXX-XXXXX', 42, 'XXXXX-XXXXX-XXXXX-XXXXX-XXXXX', 1, 4, 9, 23, 80, 'นางสาวรัชกร ใหม่กิติ', '2024-06-06 12:59:31'),
(57, '416-42-0008', 2542, 1, 11, 27, 1, 5, '3.70GHz.', 2, 6, 31, 123, 'XXXXX-XXXXX-XXXXX-XXXXX-XXXXX', 300, 'XXXXX-XXXXX-XXXXX-XXXXX-XXXXX', 1, 3, 4, 18, 52, 'นายวีระชัย มูลยะ', '2024-06-06 13:08:58'),
(58, '416-66-2225', 2566, 1, 1, 1, 1, 1, '4.30GHz', 2, 8, 29, 206, 'XXXXX-XXXXX-XXXXX-XXXXX-XXXXX', 550, 'XXXXX-XXXXX-XXXXX-XXXXX-XXXXX', 1, 2, 7, 8, 21, 'นางสาววิภาดา ผดุงศิลป์', '2024-06-06 13:13:42'),
(59, '416-52-0553', 2552, 1, 3, 6, 1, 1, '2.90GHz.', 2, 8, 29, 113, 'XXXXX-XXXXX-XXXXX-XXXXX-XXXXX', 270, 'XXXXX-XXXXX-XXXXX-XXXXX-XXXXX', 1, 1, 6, 1, 118, 'นางศศิธร เป็นคุณ', '2024-06-06 14:05:39'),
(60, '416-51-0514', 2551, 1, 15, 32, 2, 9, '2.70GHz.', 2, 10, 35, 149, 'XXXXX-XXXXX-XXXXX-XXXXX-XXXXX', 378, 'XXXXX-XXXXX-XXXXX-XXXXX-XXXXX', 1, 1, 6, 1, 1, 'นางสาวจันจิรา พิลึก', '2024-06-06 14:09:40'),
(61, '416-65-2052', 2565, 1, 6, 22, 2, 9, '2.90GHz.', 3, 11, 43, 208, 'XXXXX-XXXXX-XXXXX-XXXXX-XXXXX', 556, 'XXXXX-XXXXX-XXXXX-XXXXX-XXXXX', 1, 1, 6, 1, 1, 'นางสาวจันจิรา พิลึก', '2024-06-06 14:13:32'),
(62, '416-66-2319', 2566, 1, 2, 50, 1, 3, '2.90GHz.', 3, 11, 44, 215, 'XXXXX-XXXXX-XXXXX-XXXXX-XXXXX', 577, 'M7VJM-NHQRY-M4M7C-FJWB3-49CKM', 1, 1, 6, 1, 1, 'นายวิทวัส จิระจรัสตระกูล', '2024-06-06 14:15:58'),
(63, '416-50-0344', 2550, 1, 2, 2, 1, 5, '2.10GHz.', 1, 4, 10, 29, 'XXXXX-XXXXX-XXXXX-XXXXX-XXXXX', 52, 'XXXXX-XXXXX-XXXXX-XXXXX-XXXXX', 1, 1, 6, 1, 1, 'นายวิทวัส จิระจรัสตระกูล', '2024-06-06 14:18:40'),
(64, '416-65-2056', 2565, 1, 3, 7, 1, 1, '3.70GHz.', 2, 10, 35, 152, 'XXXXX-XXXXX-XXXXX-XXXXX-XXXXX', 388, 'NRH49-CB6H6-2RYW2-QM936-MKMP2', 1, 1, 6, 1, 2, 'นายวรรณเสด็จ รัตนมงคล', '2024-06-06 14:24:38'),
(65, '416-51-0393', 2551, 1, 9, 31, 2, 14, '3.20GHz.', 2, 8, 33, 139, 'XXXXX-XXXXX-XXXXX-XXXXX-XXXXX', 348, 'XXXXX-XXXXX-XXXXX-XXXXX-XXXXX', 1, 9, 14, 41, 118, 'นายสุรพล ตันสุวรรณ', '2024-06-06 16:15:47'),
(66, '416-65-2080', 2566, 2, 19, 4, 1, 3, '2.90GHz.', 2, 9, 40, 190, 'XXXXX-XXXXX-XXXXX-XXXXX-XXXXX', 502, 'XXXXX-XXXXX-XXXXX-XXXXX-XXXXX', 1, 9, 14, 41, 118, 'นายนิมิตร จิวะสันติการ', '2024-06-06 16:17:06'),
(67, '416-42-0009', 2542, 1, 2, 2, 1, 1, '2.70GHz.', 1, 4, 15, 55, 'XXXXX-XXXXX-XXXXX-XXXXX-XXXXX', 122, 'XXXXX-XXXXX-XXXXX-XXXXX-XXXXX', 1, 9, 14, 41, 118, 'นายสุรพล ตันสุวรรณ', '2024-06-06 16:20:48'),
(68, '416-66-2246', 2566, 1, 1, 41, 2, 10, '2.70GHz.', 3, 11, 43, 208, 'XXXXX-XXXXX-XXXXX-XXXXX-XXXXX', 556, 'XXXXX-XXXXX-XXXXX-XXXXX-XXXXX', 1, 9, 14, 41, 118, 'นายเศรษฐวุฒิ จิวะสันติการ', '2024-06-12 13:53:25'),
(69, '416-63-3062', 2563, 1, 15, 32, 1, 1, '3.20GHz.', 2, 10, 41, 195, 'XXXXX-XXXXX-XXXXX-XXXXX-XXXXX', 516, 'XXXXX-XXXXX-XXXXX-XXXXX-XXXXX', 1, 1, 6, 1, 1, 'นายณัฐพัชร ทินวุฒิธนาตย์', '2024-06-06 16:46:59'),
(70, '416-58-1525', 2558, 1, 10, 26, 2, 19, '3.10GHz.', 1, 4, 10, 30, 'XXXXX-XXXXX-XXXXX-XXXXX-XXXXX', 53, 'XXXXX-XXXXX-XXXXX-XXXXX-XXXXX', 1, 2, 2, 11, 34, 'นางสุวิมล ยงเนตรการณ์', '2024-06-06 16:59:40'),
(71, '416-58-1526', 2558, 1, 16, 33, 2, 19, '3.90GHz.', 1, 4, 13, 43, 'XXXXX-XXXXX-XXXXX-XXXXX-XXXXX', 85, 'XXXXX-XXXXX-XXXXX-XXXXX-XXXXX', 1, 2, 2, 11, 132, 'นางศิริกาญจน์ เชื้อเมืองพาน', '2024-06-06 19:35:45'),
(72, '416-41-2224', 2541, 1, 2, 3, 1, 1, '2.70GHz.', 1, 4, 15, 59, 'XXXXX-XXXXX-XXXXX-XXXXX-XXXXX', 135, 'XXXXX-XXXXX-XXXXX-XXXXX-XXXXX', 1, 2, 1, 9, 27, 'นายธนภัทธ รัตนปาล', '2024-06-06 19:59:38'),
(73, '416-41-2223', 2541, 1, 2, 3, 1, 1, '2.70GHz.', 1, 4, 15, 59, 'XXXXX-XXXXX-XXXXX-XXXXX-XXXXX', 135, 'XXXXX-XXXXX-XXXXX-XXXXX-XXXXX', 1, 2, 7, 8, 27, 'นายนฤตย์ ไวปัญญา', '2024-06-06 20:03:46'),
(74, '416-52-0619', 2552, 1, 8, 24, 1, 7, '2.83GHz.', 1, 2, 8, 21, 'XXXXX-XXXXX-XXXXX-XXXXX-XXXXX', 35, 'XXXXX-XXXXX-XXXXX-XXXXX-XXXXX', 1, 3, 4, 18, 51, 'นายมานพ อุดหมอ', '2024-06-16 11:32:29'),
(75, '416-65-2009', 2565, 1, 2, 50, 1, 1, '2.70GHz.', 1, 4, 13, 46, 'XXXXX-XXXXX-XXXXX-XXXXX-XXXXX', 96, 'F2N84-QMIM8-YC7X7-GFY72-7QFC2', 1, 3, 5, 20, 57, 'นายสว่าง คำพิละ', '2024-06-06 20:15:34'),
(76, '416-51-0392', 2551, 1, 7, 23, 2, 12, '3.20GHz.', 1, 4, 10, 29, 'XXXXX-XXXXX-XXXXX-XXXXX-XXXXX', 52, 'XXXXX-XXXXX-XXXXX-XXXXX-XXXXX', 1, 3, 5, 20, 57, 'นายปรมินทร์ วงศ์มณี', '2024-06-06 20:18:38'),
(77, '416-51-0392', 2551, 1, 7, 23, 2, 12, '3.20GHz.', 2, 6, 23, 83, 'XXXXX-XXXXX-XXXXX-XXXXX-XXXXX', 196, 'XXXXX-XXXXX-XXXXX-XXXXX-XXXXX', 1, 3, 5, 20, 57, 'นายปรมินทร์ วงศ์มณี', '2024-06-06 20:20:43'),
(78, '416-62-1369', 2562, 1, 10, 26, 1, 1, '3.60GHz.', 1, 4, 10, 29, 'XXXXX-XXXXX-XXXXX-XXXXX-XXXXX', 52, 'XXXXX-XXXXX-XXXXX-XXXXX-XXXXX', 1, 5, 10, 25, 92, 'นางรัตติ ทองดี', '2024-06-06 20:25:34'),
(79, '416-62-1319', 2562, 1, 2, 2, 1, 3, '3.60GHz.', 1, 5, 14, 50, 'XXXXX-XXXXX-XXXXX-XXXXX-XXXXX', 107, 'XXXXX-XXXXX-XXXXX-XXXXX-XXXXX', 1, 2, 2, 11, 34, 'นางสาวณัฎฐนิช ฉัตรแสง', '2024-06-07 01:00:21'),
(80, '416-63-1618', 2563, 1, 3, 14, 1, 2, '2.90GHz.', 1, 4, 10, 229, 'XXXXX-XXXXX-XXXXX-XXXXX-XXXXX', 609, 'XXXXX-XXXXX-XXXXX-XXXXX-XXXXX', 1, 2, 2, 11, 34, 'นายวรัชชานนท์ สุวรรณภูมิ', '2024-06-07 01:56:14'),
(81, '416-63-1641', 2563, 3, 23, 39, 1, 4, '3.30GHz.', 1, 4, 10, 229, 'XXXXX-XXXXX-XXXXX-XXXXX-XXXXX', 609, 'XXXXX-XXXXX-XXXXX-XXXXX-XXXXX', 1, 2, 2, 11, 132, 'นายวรนัย สุภกา', '2024-06-07 01:59:22'),
(82, '416-66-2410', 2566, 1, 1, 41, 2, 11, '3.90GHz.', 3, 11, 44, 215, 'XXXXX-XXXXX-XXXXX-XXXXX-XXXXX', 577, 'M7VJM-NHQRY-M4M7C-FJWB3-49CKM', 1, 4, 9, 22, 77, 'นางสาวชัญญานุช ทองคำ', '2024-06-07 02:27:01'),
(83, '416-64-1823', 2564, 1, 2, 2, 1, 2, '3.10GHz.', 1, 4, 13, 47, 'XXXXX-XXXXX-XXXXX-XXXXX-XXXXX', 98, 'XXXXX-XXXXX-XXXXX-XXXXX-XXXXX', 1, 4, 9, 22, 77, 'นางรัตนา ทาขาว', '2024-06-07 02:32:30'),
(84, '416-64-1823', 2564, 1, 2, 2, 1, 2, '3.10GHz.', 2, 8, 29, 115, 'XXXXX-XXXXX-XXXXX-XXXXX-XXXXX', 276, 'XXXXX-XXXXX-XXXXX-XXXXX-XXXXX', 1, 4, 9, 22, 77, 'นางรัตนา ทาขาว', '2024-06-07 02:34:56'),
(85, '416-53-0642', 2553, 1, 9, 25, 1, 4, '3.70GHz.', 2, 8, 25, 94, 'XXXXX-XXXXX-XXXXX-XXXXX-XXXXX', 218, 'XXXXX-XXXXX-XXXXX-XXXXX-XXXXX', 1, 4, 9, 22, 77, 'นายปฏิภาณ ไอการัง', '2024-06-07 02:43:05'),
(86, '416-47-0214', 2547, 1, 11, 27, 1, 4, '3.00GHz.', 1, 4, 6, 15, 'XXXXX-XXXXX-XXXXX-XXXXX-XXXXX', 24, 'XXXXX-XXXXX-XXXXX-XXXXX-XXXXX', 1, 4, 9, 22, 77, 'นายประดิษฐ์ โกวฤิทธิ์', '2024-06-07 02:47:31'),
(87, '416-65-1864', 2565, 1, 2, 50, 1, 2, '2.90GHz.', 1, 4, 15, 58, 'XXXXX-XXXXX-XXXXX-XXXXX-XXXXX', 132, 'XXXXX-XXXXX-XXXXX-XXXXX-XXXXX', 1, 4, 9, 22, 77, 'นางสาวสุกัลญา เรืองรุ่ง', '2024-06-07 02:50:11'),
(88, '416-62-1355', 2562, 1, 10, 26, 1, 1, '3.60GHz.', 1, 4, 13, 44, 'XXXXX-XXXXX-XXXXX-XXXXX-XXXXX', 90, 'XXXXX-XXXXX-XXXXX-XXXXX-XXXXX', 1, 4, 9, 22, 77, 'นายปิยะพงษ์ มูลผึ้ง', '2024-06-07 02:52:44'),
(89, '416-62-1355', 2562, 1, 10, 26, 1, 1, '3.60GHz.', 2, 6, 27, 100, 'XXXXX-XXXXX-XXXXX-XXXXX-XXXXX', 232, 'XXXXX-XXXXX-XXXXX-XXXXX-XXXXX', 1, 4, 9, 22, 77, 'นายปิยะพงษ์ มูลผึ้ง', '2024-06-07 02:54:26'),
(90, '416-51-0374', 2551, 1, 16, 33, 1, 4, '3.20GHz.', 1, 3, 9, 27, 'XXXXX-XXXXX-XXXXX-XXXXX-XXXXX', 48, 'XXXXX-XXXXX-XXXXX-XXXXX-XXXXX', 1, 4, 9, 22, 77, 'นางสาววริษา จีนามูล', '2024-06-07 02:57:21'),
(91, '416-51-0374', 2551, 1, 16, 33, 1, 4, '3.20GHz.', 2, 6, 23, 85, 'XXXXX-XXXXX-XXXXX-XXXXX-XXXXX', 200, 'XXXXX-XXXXX-XXXXX-XXXXX-XXXXX', 1, 4, 9, 22, 77, 'นางสาววริษา จีนามูล', '2024-06-07 02:59:23'),
(92, '416-49-0272', 2549, 1, 9, 31, 1, 1, '3.50GHz.', 1, 4, 10, 31, 'XXXXX-XXXXX-XXXXX-XXXXX-XXXXX', 56, 'XXXXX-XXXXX-XXXXX-XXXXX-XXXXX', 1, 4, 9, 21, 73, 'นางสาวพภัสสรณ์ สว่างสุวรรณภัช', '2024-06-07 03:02:03'),
(93, '416-49-0272', 2549, 1, 9, 31, 1, 1, '3.50GHz.', 2, 6, 23, 85, 'XXXXX-XXXXX-XXXXX-XXXXX-XXXXX', 200, 'XXXXX-XXXXX-XXXXX-XXXXX-XXXXX', 1, 4, 9, 21, 73, 'นางสาวพภัสสรณ์ สว่างสุวรรณภัช', '2024-06-07 03:03:48'),
(94, '416-54-0664', 2554, 1, 9, 25, 1, 2, '3.30GHz.', 1, 4, 10, 31, 'XXXXX-XXXXX-XXXXX-XXXXX-XXXXX', 56, 'XXXXX-XXXXX-XXXXX-XXXXX-XXXXX', 1, 4, 9, 21, 73, 'นางสาวเสมอเดือน พาพันธ์', '2024-06-07 03:06:35'),
(95, '416-54-0664', 2554, 1, 9, 25, 1, 2, '3.30GHz.', 2, 6, 23, 85, 'XXXXX-XXXXX-XXXXX-XXXXX-XXXXX', 200, 'XXXXX-XXXXX-XXXXX-XXXXX-XXXXX', 1, 4, 9, 21, 73, 'นางสาวเสมอเดือน พาพันธ์', '2024-06-07 03:07:58'),
(96, '416-65-2074', 2565, 1, 2, 50, 1, 1, '2.70GHz.', 1, 4, 15, 60, 'XXXXX-XXXXX-XXXXX-XXXXX-XXXXX', 138, 'VQBFY-2NMKM-43RPG-VF4DD-49CKC', 1, 1, 6, 3, 6, 'นายนัธวัฒน์ สิทธิรัตน์เดชา', '2024-06-07 12:49:41'),
(97, '416-51-0330', 2551, 1, 15, 32, 1, 2, '2.70GHz.', 1, 4, 13, 43, 'XXXXX-XXXXX-XXXXX-XXXXX-XXXXX', 85, 'XXXXX-XXXXX-XXXXX-XXXXX-XXXXX', 1, 3, 8, 47, 162, 'นายณัฐวุฒิ แก่นเมือง', '2024-06-07 13:50:08'),
(98, '416-59-0869', 2559, 1, 2, 2, 1, 2, '3.80GHz', 1, 4, 15, 55, 'XXXXX-XXXXX-XXXXX-XXXXX-XXXXX', 122, 'XXXXX-XXXXX-XXXXX-XXXXX-XXXXX', 1, 4, 9, 48, 163, 'นายไพบูลย์ ขัดขันทา', '2024-06-07 13:54:10'),
(99, '416-65-1917', 2565, 1, 2, 50, 1, 1, '3.70GHz.', 1, 4, 13, 46, 'XXXXX-XXXXX-XXXXX-XXXXX-XXXXX', 96, 'WPBN4-40BD5-366HF-YFBGW-WXCKC', 1, 2, 2, 11, 32, 'นางสาวขวัญภิรมณ์ จิวัฒนา', '2024-06-08 01:43:44'),
(100, '416-42-0010', 2542, 1, 3, 6, 1, 1, '3.20GHz.', 2, 9, 26, 95, 'XXXXX-XXXXX-XXXXX-XXXXX-XXXXX', 219, 'XXXXX-XXXXX-XXXXX-XXXXX-XXXXX', 1, 2, 2, 13, 37, 'นางสาวพิชยา พานธงรักษ์', '2024-06-08 01:46:55'),
(101, '416-63-1432', 2563, 1, 2, 2, 1, 1, '3.60GHz.', 1, 4, 13, 43, 'XXXXX-XXXXX-XXXXX-XXXXX-XXXXX', 86, 'XXXXX-XXXXX-XXXXX-XXXXX-XXXXX', 1, 2, 7, 8, 20, 'นางสาวศศิพา ธรรมสิทธิ์', '2024-06-08 01:49:18'),
(102, '416-44-0001', 2544, 1, 8, 24, 1, 1, '3.60GHz.', 1, 4, 13, 44, 'XXXXX-XXXXX-XXXXX-XXXXX-XXXXX', 89, 'XXXXX-XXXXX-XXXXX-XXXXX-XXXXX', 1, 2, 1, 9, 28, 'นางสาวสิริพร เสนานุรัตรองสกุล', '2024-06-08 01:54:57'),
(103, '416-44-0002', 2544, 1, 2, 2, 1, 1, '3.60GHz.', 1, 4, 13, 46, 'XXXXX-XXXXX-XXXXX-XXXXX-XXXXX', 96, 'XXXXX-XXXXX-XXXXX-XXXXX-XXXXX', 1, 2, 7, 8, 20, 'นายกิตณัฐ นามะสนธิ', '2024-06-08 02:00:13'),
(104, '416-65-1919', 2565, 1, 2, 50, 1, 1, '3.70GHz.', 1, 4, 13, 46, 'XXXXX-XXXXX-XXXXX-XXXXX-XXXXX', 96, 'XXXXX-XXXXX-XXXXX-XXXXX-XXXXX', 1, 2, 1, 9, 29, 'นางสาวมนต์ตรา วงศ์ราด', '2024-06-08 02:11:08'),
(105, '416-66-2411', 2566, 1, 1, 41, 2, 11, '3.90GHz.', 3, 11, 44, 214, 'XXXXX-XXXXX-XXXXX-XXXXX-XXXXX', 574, 'XXXXX-XXXXX-XXXXX-XXXXX-XXXXX', 1, 4, 9, 22, 77, 'นางสาวปิยะพร บุศย์สุข', '2024-06-08 02:14:12'),
(106, '416-52-0535', 2552, 1, 16, 33, 1, 4, '3.70GHz.', 2, 7, 32, 131, 'XXXXX-XXXXX-XXXXX-XXXXX-XXXXX', 324, 'XXXXX-XXXXX-XXXXX-XXXXX-XXXXX', 1, 4, 9, 21, 72, 'นายเพ็ญ พรมเรือง', '2024-05-26 20:29:49'),
(107, '416-66-2346', 2566, 1, 2, 58, 2, 9, '2.30GHz', 3, 11, 43, 208, 'XXXXX-XXXXX-XXXXX-XXXXX-XXXXX', 556, 'M7VJM-NHQRY-M4M7C-FJWB3-49CKM', 1, 8, 13, 38, 110, 'นายธงชัย พัวศรีพันธ์', '2024-06-16 11:50:37'),
(108, '416-65-1866', 2565, 1, 2, 2, 1, 2, '2.90GHz.', 1, 4, 15, 58, 'XXXXX-XXXXX-XXXXX-XXXXX-XXXXX', 132, 'KNCV9-7MPV7-DTRYT-9FCMV-9BTCP', 1, 4, 9, 22, 74, 'นางโสมิศ โยมณีวงศ์', '2024-06-08 02:32:54'),
(109, '416-51-0372', 2551, 1, 9, 25, 1, 1, '3.60GHz.', 1, 4, 13, 44, 'XXXXX-XXXXX-XXXXX-XXXXX-XXXXX', 89, 'XXXXX-XXXXX-XXXXX-XXXXX-XXXXX', 1, 4, 9, 22, 74, 'นางสาวมัลลิกา อ่อนศรี', '2024-06-08 02:38:52'),
(110, '416-65-1850', 2565, 2, 19, 36, 1, 2, '2.90GHz.', 2, 9, 40, 190, 'XXXXX-XXXXX-XXXXX-XXXXX-XXXXX', 502, 'J3XKN-08Y9M-4YC3K-MV2XW-78RCZ', 1, 4, 9, 22, 76, 'นางสาววรัญญา ตันบุตร', '2024-06-08 12:16:24'),
(111, '416-46-0187', 2546, 1, 9, 31, 1, 1, '3.90GHz.', 1, 3, 12, 37, 'XXXXX-XXXXX-XXXXX-XXXXX-XXXXX', 68, 'XXXXX-XXXXX-XXXXX-XXXXX-XXXXX', 1, 4, 9, 22, 76, 'นางสาวศิริวรรณ จำปาคำ', '2024-06-08 12:18:38'),
(112, '416-48-0188', 2548, 1, 11, 27, 1, 1, '3.60GHz.', 1, 4, 13, 45, 'XXXXX-XXXXX-XXXXX-XXXXX-XXXXX', 92, 'XXXXX-XXXXX-XXXXX-XXXXX-XXXXX', 1, 4, 9, 22, 76, 'นางสาวภสัชนันท์ เอี่ยมสาอนงค์', '2024-06-08 13:23:58'),
(113, '416-58-0813', 2558, 1, 6, 22, 1, 5, '4.10GHz.', 1, 5, 11, 36, 'XXXXX-XXXXX-XXXXX-XXXXX-XXXXX', 66, 'XXXXX-XXXXX-XXXXX-XXXXX-XXXXX', 1, 4, 9, 22, 76, 'นางบุญเรือง ขัดชุมแสง', '2024-06-08 13:26:56'),
(114, '416-51-0331', 2551, 1, 14, 30, 2, 14, '2.11GHz.', 2, 6, 18, 73, 'XXXXX-XXXXX-XXXXX-XXXXX-XXXXX', 175, 'XXXXX-XXXXX-XXXXX-XXXXX-XXXXX', 1, 4, 9, 23, 80, 'นางพิศมัย มะมี', '2024-06-08 13:29:15'),
(115, '416-51-0371', 2551, 1, 11, 27, 1, 1, '3.50GHz.', 1, 4, 15, 56, 'XXXXX-XXXXX-XXXXX-XXXXX-XXXXX', 125, 'XXXXX-XXXXX-XXXXX-XXXXX-XXXXX', 1, 4, 9, 23, 83, 'นายนเรศ มังมูล', '2024-06-08 13:34:38'),
(116, '416-63-1701', 2563, 1, 10, 26, 2, 10, '3.10GHz.', 1, 5, 14, 49, 'XXXXX-XXXXX-XXXXX-XXXXX-XXXXX', 104, 'XXXXX-XXXXX-XXXXX-XXXXX-XXXXX', 1, 4, 9, 23, 83, 'นายนเรศ มังมูล', '2024-06-08 13:39:40'),
(117, '416-51-0371', 2551, 1, 11, 27, 1, 1, '3.50GHz.', 2, 6, 31, 124, 'XXXXX-XXXXX-XXXXX-XXXXX-XXXXX', 303, 'XXXXX-XXXXX-XXXXX-XXXXX-XXXXX', 1, 4, 9, 23, 83, 'นายนเรศ มังมูล', '2024-06-08 13:40:44'),
(118, '416-63-1701', 2563, 1, 10, 26, 2, 10, '3.10GHz.', 2, 6, 31, 123, 'XXXXX-XXXXX-XXXXX-XXXXX-XXXXX', 300, 'XXXXX-XXXXX-XXXXX-XXXXX-XXXXX', 1, 4, 9, 23, 83, 'นายนเรศ มังมูล', '2024-06-08 13:44:28'),
(119, '416-63-1701', 2563, 1, 10, 26, 2, 10, '3.10GHz.', 2, 6, 31, 123, 'XXXXX-XXXXX-XXXXX-XXXXX-XXXXX', 300, 'XXXXX-XXXXX-XXXXX-XXXXX-XXXXX', 1, 4, 9, 23, 83, 'นายนเรศ มังมูล', '2024-06-08 13:45:33'),
(120, '416-59-0879', 2559, 1, 2, 3, 1, 6, '3.31GHz.', 1, 2, 47, 231, 'XXXXX-XXXXX-XXXXX-XXXXX-XXXXX', 614, 'XXXXX-XXXXX-XXXXX-XXXXX-XXXXX', 1, 4, 9, 23, 83, 'นายภูวนัย ใจคำ', '2024-06-08 15:15:22'),
(121, '416-58-0756', 2558, 1, 11, 27, 2, 17, '3.20GHz.', 1, 5, 48, 237, 'XXXXX-XXXXX-XXXXX-XXXXX-XXXXX', 629, 'XXXXX-XXXXX-XXXXX-XXXXX-XXXXX', 1, 4, 9, 23, 83, 'นายภูวนัย ใจคำ', '2024-06-08 15:33:28'),
(122, '416-56-0756', 2556, 1, 11, 27, 2, 19, '3.50GHz.', 1, 4, 10, 30, 'XXXXX-XXXXX-XXXXX-XXXXX-XXXXX', 54, 'XXXXX-XXXXX-XXXXX-XXXXX-XXXXX', 1, 4, 9, 23, 80, 'นางสาวนัชสิตางค์ หน่อคำ', '2024-06-08 15:40:20'),
(123, '416-58-0816', 2558, 1, 15, 32, 2, 17, '3.20GHz.', 2, 6, 23, 85, 'XXXXX-XXXXX-XXXXX-XXXXX-XXXXX', 200, 'XXXXX-XXXXX-XXXXX-XXXXX-XXXXX', 1, 4, 9, 23, 83, 'นายภูวนัย ใจคำ', '2024-06-08 15:43:36'),
(124, '416-62-1338', 2562, 1, 10, 26, 1, 1, '3.60GHz.', 1, 4, 10, 29, 'XXXXX-XXXXX-XXXXX-XXXXX-XXXXX', 52, 'XXXXX-XXXXX-XXXXX-XXXXX-XXXXX', 1, 4, 9, 23, 80, 'นายมงคลรัตน์ ชัยแสงแก้ว', '2024-06-09 02:04:20'),
(125, '416-59-0863', 2559, 1, 2, 2, 1, 2, '3.20GHz.', 2, 8, 29, 115, 'XXXXX-XXXXX-XXXXX-XXXXX-XXXXX', 276, 'XXXXX-XXXXX-XXXXX-XXXXX-XXXXX', 1, 4, 9, 23, 80, 'นายนราทิพย์ ซิวคำ', '2024-06-09 02:07:03'),
(126, '416-62-1340', 2562, 1, 15, 32, 1, 1, '2.60GHz.', 1, 4, 10, 29, 'XXXXX-XXXXX-XXXXX-XXXXX-XXXXX', 52, 'XXXXX-XXXXX-XXXXX-XXXXX-XXXXX', 1, 4, 9, 23, 82, 'นางสาวรวินท์นิภา ทาตัน', '2024-06-09 02:10:34'),
(127, '416-63-1689', 2563, 1, 10, 26, 2, 10, '3.40GHz.', 2, 8, 33, 137, 'XXXXX-XXXXX-XXXXX-XXXXX-XXXXX', 342, 'XXXXX-XXXXX-XXXXX-XXXXX-XXXXX', 1, 4, 9, 23, 82, 'นางสาวกนิษฐา คำวงศ์', '2024-06-09 10:56:42'),
(128, '416-65-1854', 2565, 1, 2, 50, 1, 2, '2.90GHz.', 1, 4, 15, 58, 'XXXXX-XXXXX-XXXXX-XXXXX-XXXXX', 132, '63PJ8-CN860-2KTSC-H8X8M-XBT6P', 1, 4, 9, 23, 82, 'นางสาวกรรณิการ์ ใจละออ', '2024-06-09 10:58:57'),
(129, '416-55-0701', 2555, 1, 2, 2, 1, 2, '3.00GHz.', 1, 4, 13, 47, 'XXXXX-XXXXX-XXXXX-XXXXX-XXXXX', 99, 'XXXXX-XXXXX-XXXXX-XXXXX-XXXXX', 1, 4, 9, 23, 80, 'นางสาวอลัน เขียวงอน', '2024-06-09 11:09:41'),
(130, '416-58-0819', 2558, 1, 9, 31, 1, 1, '3.50GHz.', 1, 4, 15, 56, 'XXXXX-XXXXX-XXXXX-XXXXX-XXXXX', 125, 'XXXXX-XXXXX-XXXXX-XXXXX-XXXXX', 1, 4, 9, 23, 79, 'นางเพ็ญนภา วงศ์หาญ', '2024-06-09 11:11:53'),
(131, '416-59-0081', 2559, 1, 2, 2, 1, 2, '3.20GHz.', 2, 10, 35, 152, 'XXXXX-XXXXX-XXXXX-XXXXX-XXXXX', 388, 'XXXXX-XXXXX-XXXXX-XXXXX-XXXXX', 1, 4, 9, 23, 144, 'นางวิลาวัลย์ บุษบาคัม', '2024-06-09 11:24:34'),
(132, '415-58-0815', 2558, 1, 2, 2, 1, 2, '3.20GHz.', 1, 4, 15, 57, 'XXXXX-XXXXX-XXXXX-XXXXX-XXXXX', 128, 'XXXXX-XXXXX-XXXXX-XXXXX-XXXXX', 1, 4, 9, 23, 83, 'นางสาวธนัชญา มีกลิ่น', '2024-06-09 11:29:53'),
(133, '416-59-0865', 2559, 1, 2, 2, 1, 2, '3.20GHz.', 1, 4, 10, 29, 'XXXXX-XXXXX-XXXXX-XXXXX-XXXXX', 51, 'XXXXX-XXXXX-XXXXX-XXXXX-XXXXX', 1, 4, 9, 23, 78, 'นางสาวจิราพร เหมยน้อย', '2024-06-09 11:34:37'),
(134, '416-56-0762', 2556, 1, 16, 33, 2, 19, '3.10GHz.', 1, 4, 15, 57, 'XXXXX-XXXXX-XXXXX-XXXXX-XXXXX', 128, 'XXXXX-XXXXX-XXXXX-XXXXX-XXXXX', 1, 4, 9, 23, 83, 'นางสาวทิฆัมพร จ่อแก้ว', '2024-06-09 11:39:48'),
(135, '416-56-0762', 2556, 1, 16, 33, 2, 19, '3.10GHz.', 2, 6, 31, 125, 'XXXXX-XXXXX-XXXXX-XXXXX-XXXXX', 306, 'XXXXX-XXXXX-XXXXX-XXXXX-XXXXX', 1, 4, 9, 23, 83, 'นางสาวทิฆัมพร จ่อแก้ว', '2024-06-09 11:41:39'),
(136, '416-58-0814', 2558, 1, 16, 33, 1, 4, '3.80GHz.', 1, 5, 11, 33, 'XXXXX-XXXXX-XXXXX-XXXXX-XXXXX', 60, 'XXXXX-XXXXX-XXXXX-XXXXX-XXXXX', 1, 4, 9, 23, 83, 'นางทองเพียร ดอกดาวเรือง', '2024-06-09 11:43:32'),
(137, '416-56-0754', 2556, 1, 16, 33, 2, 19, '3.50GHz.', 1, 4, 10, 29, 'XXXXX-XXXXX-XXXXX-XXXXX-XXXXX', 51, 'XXXXX-XXXXX-XXXXX-XXXXX-XXXXX', 1, 4, 9, 23, 80, 'นางอรทัย มณีเนตร', '2024-06-09 11:52:01'),
(138, '416-65-2070', 2565, 1, 2, 50, 1, 2, '2.90GHz.', 1, 4, 15, 58, 'XXXXX-XXXXX-XXXXX-XXXXX-XXXXX', 132, 'GCY9G-NHH2Q-7PRGT-83RYG-R7JXC', 1, 1, 6, 3, 7, 'นางสาวรุ่งพร อนันต์พัฒนา', '2024-06-09 11:56:14'),
(139, '416-55-0696', 2555, 1, 2, 2, 1, 2, '2.90GHz.', 1, 4, 10, 29, 'XXXXX-XXXXX-XXXXX-XXXXX-XXXXX', 51, 'XXXXX-XXXXX-XXXXX-XXXXX-XXXXX', 1, 1, 6, 3, 7, 'นายภงพร อนันต์พัฒนา', '2024-06-09 11:58:17'),
(140, '416-51-0375', 2551, 1, 15, 32, 1, 1, '3.60GHz.', 1, 2, 8, 21, 'XXXXX-XXXXX-XXXXX-XXXXX-XXXXX', 36, 'XXXXX-XXXXX-XXXXX-XXXXX-XXXXX', 1, 4, 9, 22, 76, 'นางกาญจณา มงคล', '2024-06-09 12:03:04'),
(141, '416-65-1862', 2565, 1, 2, 50, 1, 2, '2.90GHz.', 1, 4, 15, 58, 'XXXXX-XXXXX-XXXXX-XXXXX-XXXXX', 132, '9่NHKV-2M8P7-6G26B-M7CQR-JHV22', 1, 4, 9, 22, 76, 'นางสาวนุชนาถ เฟื่องแปลง', '2024-06-09 12:04:48'),
(142, '416-51-0375', 2551, 1, 15, 32, 1, 1, '3.60GHz.', 2, 6, 23, 83, 'XXXXX-XXXXX-XXXXX-XXXXX-XXXXX', 196, 'XXXXX-XXXXX-XXXXX-XXXXX-XXXXX', 1, 4, 9, 22, 76, 'นางกาญจณา มงคล', '2024-06-09 12:10:22'),
(143, '416-62-1350', 2562, 1, 1, 48, 1, 2, '3.00GHz.', 1, 4, 13, 43, 'XXXXX-XXXXX-XXXXX-XXXXX-XXXXX', 86, 'XXXXX-XXXXX-XXXXX-XXXXX-XXXXX', 1, 4, 9, 22, 76, 'นางสาวฉลัชชา ปัดสาพันธุ์', '2024-06-09 12:13:19'),
(144, '416-62-1350', 2562, 1, 1, 48, 1, 2, '3.00GHz.', 2, 6, 27, 99, 'XXXXX-XXXXX-XXXXX-XXXXX-XXXXX', 228, 'XXXXX-XXXXX-XXXXX-XXXXX-XXXXX', 1, 4, 9, 22, 76, 'นางสาวฉลัชชา ปัดสาพันธุ์', '2024-06-09 12:14:51'),
(145, '416-59-0857', 2559, 1, 2, 2, 1, 2, '3.10GHz.', 2, 6, 23, 84, 'XXXXX-XXXXX-XXXXX-XXXXX-XXXXX', 198, 'XXXXX-XXXXX-XXXXX-XXXXX-XXXXX', 1, 4, 9, 48, 163, 'นางวิรดา วงศ์สุวรรณ', '2024-06-09 12:18:42'),
(146, '416-65-1856', 2565, 1, 2, 50, 1, 2, '2.90GHz.', 1, 4, 15, 58, 'XXXXX-XXXXX-XXXXX-XXXXX-XXXXX', 132, 'XXXXX-XXXXX-XXXXX-XXXXX-XXXXX', 1, 4, 9, 23, 82, 'นางสาวพฤกษา รัตนมงคล', '2024-06-09 12:20:57'),
(147, '416-66-2428', 2566, 1, 1, 41, 2, 11, '3.90GHz.', 3, 11, 44, 214, 'XXXXX-XXXXX-XXXXX-XXXXX-XXXXX', 574, 'M7VJM-NHQRY-M4M7C-FJWB3-49CKM', 1, 4, 9, 23, 82, 'นางสาวกนกวรรณ ลออวรากุล', '2024-06-09 12:23:54'),
(148, '416-49-0283', 2549, 1, 3, 6, 1, 1, '3.90GHz.', 1, 4, 10, 228, 'XXXXX-XXXXX-XXXXX-XXXXX-XXXXX', 608, 'XXXXX-XXXXX-XXXXX-XXXXX-XXXXX', 1, 4, 9, 23, 82, 'นางสาวกนกวรรณ ลออวรากุล', '2024-06-09 12:25:37'),
(149, '416-55-0087', 2555, 1, 2, 2, 1, 2, '3.00GHz.', 2, 9, 40, 190, 'XXXXX-XXXXX-XXXXX-XXXXX-XXXXX', 501, 'XXXXX-XXXXX-XXXXX-XXXXX-XXXXX', 1, 1, 6, 1, 2, 'นางสาวอิชยาพร ปูเต็มวงศ์', '2024-06-09 12:29:56'),
(150, '416-58-0847', 2558, 2, 21, 42, 1, 2, '3.80GHz', 2, 6, 27, 102, 'XXXXX-XXXXX-XXXXX-XXXXX-XXXXX', 237, 'XXXXX-XXXXX-XXXXX-XXXXX-XXXXX', 1, 1, 6, 1, 1, 'นางสาวการฑ์พิรญาณ์ วงศ์สุวรรณ', '2024-06-09 12:35:27'),
(151, '416-42-0011', 2542, 1, 9, 31, 1, 1, '3.50GHz.', 1, 4, 13, 43, 'XXXXX-XXXXX-XXXXX-XXXXX-XXXXX', 85, 'XXXXX-XXXXX-XXXXX-XXXXX-XXXXX', 1, 1, 6, 1, 1, 'นางสาวชลินภาญณ์ อัศวโชค', '2024-06-09 12:46:49'),
(152, '416-55-0700', 2555, 1, 2, 2, 1, 2, '3.00GHz.', 1, 4, 10, 31, 'XXXXX-XXXXX-XXXXX-XXXXX-XXXXX', 56, 'XXXXX-XXXXX-XXXXX-XXXXX-XXXXX', 1, 1, 6, 6, 15, 'นางสาวปุนมินทร์ หารประทุม', '2024-06-09 12:51:34'),
(153, '416-59-0849', 2559, 1, 9, 25, 2, 20, '3.20GHz.', 1, 4, 10, 29, 'XXXXX-XXXXX-XXXXX-XXXXX-XXXXX', 52, 'XXXXX-XXXXX-XXXXX-XXXXX-XXXXX', 1, 1, 6, 6, 15, 'นางสาวปุนมินทร์ หารประทุม', '2024-06-09 12:53:37'),
(154, '416-54-0671', 2554, 2, 20, 17, 1, 1, '2.53GHz.', 2, 9, 26, 95, 'XXXXX-XXXXX-XXXXX-XXXXX-XXXXX', 219, 'XXXXX-XXXXX-XXXXX-XXXXX-XXXXX', 1, 1, 6, 6, 15, 'นางมาลิวัลย์ สังวรณ์', '2024-06-09 12:58:56'),
(155, '416-66-2231', 2566, 1, 2, 50, 1, 3, '2.10GHz.', 2, 9, 34, 145, 'XXXXX-XXXXX-XXXXX-XXXXX-XXXXX', 366, 'XXXXX-XXXXX-XXXXX-XXXXX-XXXXX', 1, 1, 6, 7, 18, 'นายวลดล หวานแหลม', '2024-06-09 13:04:48'),
(156, '416-52-0593', 2552, 1, 3, 12, 1, 7, '1.86GHz.', 2, 8, 20, 77, 'XXXXX-XXXXX-XXXXX-XXXXX-XXXXX', 183, 'XXXXX-XXXXX-XXXXX-XXXXX-XXXXX', 1, 3, 8, 14, 39, 'นางสาวพัลลภา สุริยะมณี', '2024-06-09 21:49:08'),
(157, '416-52-0588', 2552, 1, 16, 33, 1, 1, '3.10GHz.', 2, 8, 29, 113, 'XXXXX-XXXXX-XXXXX-XXXXX-XXXXX', 271, 'XXXXX-XXXXX-XXXXX-XXXXX-XXXXX', 1, 3, 4, 18, 139, 'นายวัฒนา วรรณโวหาร', '2024-06-09 22:14:39'),
(158, '416-47-0221', 2547, 1, 9, 31, 1, 4, '3.20GHz.', 1, 2, 47, 234, 'XXXXX-XXXXX-XXXXX-XXXXX-XXXXX', 623, 'XXXXX-XXXXX-XXXXX-XXXXX-XXXXX', 1, 3, 5, 42, 67, 'นางวิชุดา เศรษรุจิ', '2024-06-09 22:17:08'),
(159, '416-63-1703', 2563, 1, 10, 26, 2, 10, '3.40GHz.', 2, 8, 33, 135, 'XXXXX-XXXXX-XXXXX-XXXXX-XXXXX', 336, 'XXXXX-XXXXX-XXXXX-XXXXX-XXXXX', 1, 3, 8, 47, 162, 'นายชูศักดิ์ สมแก้ว', '2024-06-09 22:20:19'),
(160, '416-47-0221', 2547, 1, 9, 31, 1, 4, '3.20GHz.', 2, 8, 51, 258, 'XXXXX-XXXXX-XXXXX-XXXXX-XXXXX', 675, 'XXXXX-XXXXX-XXXXX-XXXXX-XXXXX', 1, 3, 5, 42, 67, 'นางวิชุดา เศรษรุจิ', '2024-06-09 23:02:52'),
(161, '416-65-2023', 2565, 1, 2, 50, 1, 2, '2.90GHz.', 1, 4, 15, 59, 'XXXXX-XXXXX-XXXXX-XXXXX-XXXXX', 135, 'XXXXX-XXXXX-XXXXX-XXXXX-XXXXX', 1, 3, 5, 42, 158, 'นายจารุภาส หมอมูล', '2024-06-09 23:08:15'),
(162, '416-65-1905', 2565, 2, 19, 4, 2, 10, '2.10GHz.', 2, 8, 33, 138, 'XXXXX-XXXXX-XXXXX-XXXXX-XXXXX', 346, 'SFDJQ-NYTXR-GMBQ2-DBJBD-JPFC2', 1, 7, 12, 30, 104, 'นางปิยนุช ศิลบสนธยานนท์', '2024-06-10 14:51:11'),
(163, '416-51-0384', 2551, 1, 11, 27, 1, 1, '3.60GHz.', 1, 4, 10, 30, 'XXXXX-XXXXX-XXXXX-XXXXX-XXXXX', 54, 'XXXXX-XXXXX-XXXXX-XXXXX-XXXXX', 1, 7, 12, 30, 104, 'นางสาวประภัสสร รุ่งอรุณเมธาสิทธิ์', '2024-06-10 14:59:03'),
(164, '416-63-1378', 2563, 1, 1, 48, 1, 1, '3.60GHz.', 1, 4, 10, 30, 'XXXXX-XXXXX-XXXXX-XXXXX-XXXXX', 54, 'XXXXX-XXXXX-XXXXX-XXXXX-XXXXX', 1, 7, 12, 30, 104, 'นายรุ่งฤดี ขวัญธนเจริญ', '2024-06-10 15:07:37'),
(165, '416-65-1839', 2565, 1, 3, 16, 1, 1, '3.60GHz.', 1, 2, 8, 21, 'XXXXX-XXXXX-XXXXX-XXXXX-XXXXX', 35, 'XXXXX-XXXXX-XXXXX-XXXXX-XXXXX', 1, 7, 12, 31, 106, 'นางสุรัตนวดี ขจรกลิ่น', '2024-06-10 15:10:22'),
(166, '416-44-0095', 2544, 1, 15, 32, 1, 1, '3.90GHz.', 1, 4, 10, 30, 'XXXXX-XXXXX-XXXXX-XXXXX-XXXXX', 54, 'XXXXX-XXXXX-XXXXX-XXXXX-XXXXX', 1, 7, 12, 31, 107, 'นายเพิ่มพูล ทรายคำ', '2024-06-10 15:13:46'),
(167, '416-63-1376', 2563, 1, 8, 24, 1, 1, '3.90GHz.', 1, 4, 15, 56, 'XXXXX-XXXXX-XXXXX-XXXXX-XXXXX', 125, 'XXXXX-XXXXX-XXXXX-XXXXX-XXXXX', 1, 7, 12, 31, 106, 'นางนวพร สินเปียง', '2024-06-10 15:15:25'),
(168, '416-63-1360', 2563, 1, 8, 24, 1, 1, '3.60GHz.', 1, 4, 15, 59, 'XXXXX-XXXXX-XXXXX-XXXXX-XXXXX', 134, 'XXXXX-XXXXX-XXXXX-XXXXX-XXXXX', 1, 7, 12, 31, 108, 'นางสาวจุฑามาศ แสนไชย', '2024-06-10 15:19:15'),
(169, '416-42-0012', 2542, 1, 3, 5, 1, 4, '3.30GHz.', 1, 4, 10, 29, 'XXXXX-XXXXX-XXXXX-XXXXX-XXXXX', 52, 'XXXXX-XXXXX-XXXXX-XXXXX-XXXXX', 1, 7, 12, 30, 151, 'นางสาวนัทธ์หทัย ฟูวุฒิ', '2024-06-10 15:30:55'),
(170, '416-42-0013', 2542, 1, 3, 8, 1, 5, '3.10GHz.', 1, 4, 10, 29, 'XXXXX-XXXXX-XXXXX-XXXXX-XXXXX', 51, 'XXXXX-XXXXX-XXXXX-XXXXX-XXXXX', 1, 1, 6, 1, 1, 'นายนัท เลขารองเกี๊ย', '2024-06-10 15:35:24'),
(171, '416-51-0388', 2551, 1, 7, 23, 1, 1, '3.60GHz.', 1, 3, 12, 37, 'XXXXX-XXXXX-XXXXX-XXXXX-XXXXX', 68, 'XXXXX-XXXXX-XXXXX-XXXXX-XXXXX', 1, 7, 12, 37, 103, 'นางสุพรรษา มิ่งเชื้อ', '2024-06-10 15:51:14'),
(172, '416-52-0537', 2552, 1, 9, 25, 1, 5, '4.10GHz.', 1, 4, 13, 43, 'XXXXX-XXXXX-XXXXX-XXXXX-XXXXX', 86, 'XXXXX-XXXXX-XXXXX-XXXXX-XXXXX', 1, 7, 12, 31, 108, 'นางสาวสิริภัทร์ พีละเชื้อ', '2024-06-10 15:53:14'),
(173, '416-65-1906', 2565, 2, 19, 4, 2, 10, '2.60GHz.', 2, 6, 31, 127, 'XXXXX-XXXXX-XXXXX-XXXXX-XXXXX', 313, 'VFNRC-3T9Y2-CG3P3-3JGKC-MP2KC', 1, 7, 12, 31, 152, 'นายเจษฏา หมอมูล', '2024-06-10 16:13:08'),
(174, '416-55-6140', 2555, 2, 19, 4, 1, 2, '2.50GHz.', 2, 8, 25, 92, 'XXXXX-XXXXX-XXXXX-XXXXX-XXXXX', 214, 'XXXXX-XXXXX-XXXXX-XXXXX-XXXXX', 1, 7, 12, 31, 106, 'นางสาวปชูชิตา เสนาเหนือ', '2024-06-10 17:01:20'),
(175, '416-66-2334', 2566, 1, 2, 58, 2, 9, '2.30GHz', 3, 11, 43, 208, 'XXXXX-XXXXX-XXXXX-XXXXX-XXXXX', 556, 'M7VJM-NHQRY-M4M7C-FJWB3-49CKM', 1, 8, 13, 38, 167, 'นายอนุรักษ์ อุดยานะ', '2024-06-10 17:06:39'),
(176, '416-44-0078', 2544, 1, 15, 32, 1, 4, '2.70GHz.', 1, 2, 8, 21, 'XXXXX-XXXXX-XXXXX-XXXXX-XXXXX', 35, 'XXXXX-XXXXX-XXXXX-XXXXX-XXXXX', 1, 8, 13, 38, 110, 'นางสาวอริสา ทองจันทร์', '2024-06-10 17:08:25'),
(177, '416-44-0107', 2544, 1, 11, 27, 2, 14, '3.20GHz.', 1, 4, 10, 30, 'XXXXX-XXXXX-XXXXX-XXXXX-XXXXX', 54, 'XXXXX-XXXXX-XXXXX-XXXXX-XXXXX', 1, 8, 13, 32, 113, 'นางสาวทิฆัมพร ทองศริชัย', '2024-06-10 17:11:00'),
(178, '416-44-0078', 2544, 1, 15, 32, 1, 4, '2.70GHz.', 2, 6, 23, 83, 'XXXXX-XXXXX-XXXXX-XXXXX-XXXXX', 195, 'XXXXX-XXXXX-XXXXX-XXXXX-XXXXX', 1, 8, 13, 38, 110, 'นางสาวอริสา ทองจันทร์', '2024-06-10 17:12:51'),
(179, '416-44-0107', 2544, 1, 11, 27, 2, 14, '3.20GHz.', 2, 6, 23, 84, 'XXXXX-XXXXX-XXXXX-XXXXX-XXXXX', 198, 'XXXXX-XXXXX-XXXXX-XXXXX-XXXXX', 1, 8, 13, 32, 113, 'นางสาวทิฆัมพร ทองศริชัย', '2024-06-10 17:14:15'),
(180, '416-65-2058', 2565, 1, 2, 50, 1, 2, '2.90GHz.', 1, 4, 15, 58, 'XXXXX-XXXXX-XXXXX-XXXXX-XXXXX', 132, 'YNCFX-XW2BX-HTJXD-43PJC-B98XC', 1, 8, 13, 33, 114, 'นางอารีย์ ปะจะกุล', '2024-06-10 17:26:59'),
(181, '416-51-0367', 2551, 1, 3, 12, 1, 4, '2.30GHz.', 1, 2, 4, 9, 'XXXXX-XXXXX-XXXXX-XXXXX-XXXXX', 11, 'XXXXX-XXXXX-XXXXX-XXXXX-XXXXX', 3, 8, 13, 33, 114, 'งานพัฒนาบุคคลากร', '2024-06-10 17:38:53'),
(182, '416-56-0747', 2556, 1, 3, 14, 1, 2, '3.40GHz.', 1, 4, 10, 31, 'XXXXX-XXXXX-XXXXX-XXXXX-XXXXX', 56, 'XXXXX-XXXXX-XXXXX-XXXXX-XXXXX', 1, 8, 13, 38, 110, 'นางสาวขวัญฤทัย สรรมธิกุล', '2024-06-10 17:41:16'),
(183, '416-56-0747', 2556, 1, 3, 14, 1, 2, '3.40GHz.', 2, 6, 23, 85, 'XXXXX-XXXXX-XXXXX-XXXXX-XXXXX', 200, 'XXXXX-XXXXX-XXXXX-XXXXX-XXXXX', 1, 8, 13, 38, 110, 'นางสาวขวัญฤทัย สรรมธิกุล', '2024-06-10 17:42:51'),
(184, '416-65-2060', 2565, 1, 2, 50, 1, 2, '2.90GHz.', 1, 4, 15, 58, 'XXXXX-XXXXX-XXXXX-XXXXX-XXXXX', 132, 'M7HKH-2YKF7-6PGVG-23WH2-KW3GP', 1, 8, 13, 32, 113, 'นางสาวนันทนีย์', '2024-06-10 17:54:06'),
(185, '416-65-1968', 2565, 1, 2, 50, 1, 1, '3.70GHz.', 1, 4, 13, 46, 'XXXXX-XXXXX-XXXXX-XXXXX-XXXXX', 96, 'WTH4T-4M49C-KM32T-QT4BH-9KXBW', 1, 6, 11, 29, 150, 'นางวิจิตรา เตียวตระกูล', '2024-06-10 17:58:02'),
(186, '416-59-0855', 2559, 1, 2, 2, 1, 2, '3.20GHz.', 1, 4, 10, 31, 'XXXXX-XXXXX-XXXXX-XXXXX-XXXXX', 56, 'XXXXX-XXXXX-XXXXX-XXXXX-XXXXX', 1, 6, 11, 29, 101, 'นางลัดดาวัลย์ อิฐฐา', '2024-06-10 17:59:44'),
(187, '416-65-1970', 2565, 1, 2, 50, 1, 1, '3.70GHz.', 1, 4, 13, 47, 'XXXXX-XXXXX-XXXXX-XXXXX-XXXXX', 99, 'XXXXX-XXXXX-XXXXX-XXXXX-XXXXX', 3, 6, 11, 29, 100, 'งานวิเคราะห์นโยบายและแผน', '2024-06-10 18:02:19'),
(188, '416-53-0694', 2553, 1, 2, 2, 1, 2, '3.00GHz.', 1, 4, 13, 45, 'XXXXX-XXXXX-XXXXX-XXXXX-XXXXX', 92, 'XXXXX-XXXXX-XXXXX-XXXXX-XXXXX', 1, 6, 11, 29, 100, 'นางนารี เมืองมูล', '2024-06-10 18:05:01'),
(189, '416-65-1978', 2565, 1, 2, 50, 1, 2, '2.90GHz.', 1, 4, 15, 58, 'XXXXX-XXXXX-XXXXX-XXXXX-XXXXX', 132, 'XXXXX-XXXXX-XXXXX-XXXXX-XXXXX', 1, 6, 11, 27, 96, 'นางสาวภัทรธิดา ผึ้งสุข', '2024-06-10 18:08:29'),
(190, '416-66-2390', 2566, 1, 2, 50, 1, 3, '2.90GHz', 3, 11, 44, 214, 'XXXXX-XXXXX-XXXXX-XXXXX-XXXXX', 574, 'XXXXX-XXXXX-XXXXX-XXXXX-XXXXX', 1, 6, 11, 28, 99, 'นางสนันต์ชินา วงศ์ลาวัลย์', '2024-06-10 18:13:57'),
(191, '416-66-2395', 2566, 1, 1, 41, 2, 11, '2.90GHz', 3, 11, 44, 212, 'XXXXX-XXXXX-XXXXX-XXXXX-XXXXX', 568, 'M7VJM-NHQRY-M4M7C-FJWB3-49CKM', 1, 6, 11, 28, 149, 'นางสาวญาดา ณ วงศ์จันทร์', '2024-06-10 18:15:57'),
(192, '416-63-1695', 2563, 1, 10, 26, 2, 9, '3.10GHz.', 2, 6, 27, 99, 'XXXXX-XXXXX-XXXXX-XXXXX-XXXXX', 228, 'XXXXX-XXXXX-XXXXX-XXXXX-XXXXX', 1, 6, 11, 28, 98, 'นายนพดล ชมภูชัย', '2024-06-10 18:18:27'),
(193, '416-49-0318', 2549, 1, 10, 26, 2, 9, '3.10GHz.', 2, 6, 23, 83, 'XXXXX-XXXXX-XXXXX-XXXXX-XXXXX', 196, 'XXXXX-XXXXX-XXXXX-XXXXX-XXXXX', 1, 1, 6, 4, 9, 'นางสาวนริศรา หงสกุล', '2024-06-11 01:48:44'),
(194, '416-65-1961', 2565, 1, 2, 50, 1, 5, '2.16GHz.', 1, 1, 3, 7, 'XXXXX-XXXXX-XXXXX-XXXXX-XXXXX', 7, 'XXXXX-XXXXX-XXXXX-XXXXX-XXXXX', 1, 1, 6, 7, 18, 'นางสาจิตรวี ศิริธาร', '2024-06-11 01:51:41'),
(195, '416-66-2240', 2566, 1, 2, 50, 1, 3, '2.10GHz.', 3, 11, 43, 207, 'XXXXX-XXXXX-XXXXX-XXXXX-XXXXX', 553, 'XXXXX-XXXXX-XXXXX-XXXXX-XXXXX', 1, 1, 6, 5, 12, 'นางสาวน้องน้อย ชัยวงศ์สุรฤิทธิ์', '2024-06-11 01:54:30'),
(196, '416-65-1974', 2565, 1, 2, 50, 1, 1, '3.70GHz.', 1, 4, 13, 46, 'XXXXX-XXXXX-XXXXX-XXXXX-XXXXX', 96, 'GJTB7-R6NW3-9Q6RJ-VRPMM-KD722', 1, 1, 6, 7, 17, 'นางสาวคนึงสุข นันทชมพู', '2024-06-11 01:58:41'),
(197, '416-65-1976', 2565, 1, 2, 50, 1, 1, '3.70GHz.', 1, 4, 13, 46, 'XXXXX-XXXXX-XXXXX-XXXXX-XXXXX', 96, '6VPNH-GFQKY-W83H9-HF2J8-CPQGP', 1, 1, 6, 7, 17, 'นายศุภชัย วงศ์บรรใจ', '2024-06-11 02:21:14'),
(198, '416-65-2068', 2565, 1, 2, 50, 1, 2, '2.70GHz.', 1, 4, 15, 59, 'XXXXX-XXXXX-XXXXX-XXXXX-XXXXX', 135, 'W6BBN-99K44-863BP-Y6QRD-BP2KC', 1, 1, 6, 5, 14, 'นายอรรนพ ฟ้องนภา', '2024-06-11 11:17:35'),
(199, '416-65-2072', 2565, 1, 2, 50, 1, 2, '2.70GHz', 1, 4, 15, 58, 'XXXXX-XXXXX-XXXXX-XXXXX-XXXXX', 132, 'W6BBN-99K44-863BP-Y6Q8G-BP2KG', 1, 1, 6, 3, 8, 'นางสาวอภิชญา อินน์แท่น', '2024-06-11 11:21:31'),
(200, '416-46-0190', 2546, 1, 15, 32, 1, 5, '2.30GHz.', 1, 2, 4, 9, 'XXXXX-XXXXX-XXXXX-XXXXX-XXXXX', 11, 'XXXXX-XXXXX-XXXXX-XXXXX-XXXXX', 1, 1, 6, 3, 8, 'นางสาวอภิชญา อินน์แท่น', '2024-06-11 11:23:37'),
(201, '416-43-0318', 2543, 1, 14, 30, 1, 4, '3.70GHz.', 1, 4, 57, 290, 'XXXXX-XXXXX-XXXXX-XXXXX-XXXXX', 830, 'XXXXX-XXXXX-XXXXX-XXXXX-XXXXX', 1, 1, 6, 4, 9, 'นางสาวศิริกัญญา วงศ์วุฒิ', '2024-06-11 12:26:03'),
(202, '416-43-0318', 2543, 1, 14, 30, 1, 4, '3.70GHz.', 2, 8, 60, 308, 'XXXXX-XXXXX-XXXXX-XXXXX-XXXXX', 884, 'XXXXX-XXXXX-XXXXX-XXXXX-XXXXX', 1, 1, 6, 4, 9, 'นางสาวศิริกัญญา วงศ์วุฒิ', '2024-06-11 12:29:42'),
(203, '416-51-0396', 2551, 1, 14, 30, 1, 4, '3.70GHz.', 1, 4, 57, 290, 'XXXXX-XXXXX-XXXXX-XXXXX-XXXXX', 830, 'XXXXX-XXXXX-XXXXX-XXXXX-XXXXX', 1, 1, 6, 4, 9, 'นางสาวฐิติมา ศาดีประเสรฐ', '2024-06-11 12:47:19'),
(204, '416-51-0000', 2551, 1, 9, 31, 2, 18, '3.30GHz.', 1, 4, 10, 29, 'XXXXX-XXXXX-XXXXX-XXXXX-XXXXX', 51, 'XXXXX-XXXXX-XXXXX-XXXXX-XXXXX', 1, 2, 1, 9, 26, 'นางสาวนริสรา ตาสุวรรณ', '2024-06-11 12:58:47'),
(205, '416-63-1430', 2563, 1, 2, 2, 1, 1, '3.60GHz.', 1, 4, 10, 30, 'XXXXX-XXXXX-XXXXX-XXXXX-XXXXX', 54, 'XXXXX-XXXXX-XXXXX-XXXXX-XXXXX', 1, 2, 1, 9, 129, 'นางภัทราภรณ์ วงศ์ไชย', '2024-06-11 13:00:52'),
(206, '416-54-0654', 2554, 1, 3, 9, 1, 1, '3.30GHz.', 1, 5, 11, 33, 'XXXXX-XXXXX-XXXXX-XXXXX-XXXXX', 59, 'XXXXX-XXXXX-XXXXX-XXXXX-XXXXX', 1, 5, 10, 25, 89, 'นางวัลทสร เกษียรสมุทร', '2024-06-11 13:04:56'),
(207, '416-62-1367', 2562, 1, 10, 26, 1, 1, '3.60GHz.', 1, 4, 10, 29, 'XXXXX-XXXXX-XXXXX-XXXXX-XXXXX', 52, 'XXXXX-XXXXX-XXXXX-XXXXX-XXXXX', 1, 5, 10, 25, 92, 'นางสุภาพร เอกธุวาปราฬ', '2024-06-11 13:07:43'),
(208, '416-66-2330', 2566, 3, 24, 43, 1, 1, '2.20GHz.', 2, 9, 34, 145, 'XXXXX-XXXXX-XXXXX-XXXXX-XXXXX', 367, 'M7VJM-NHQRY-M4M7C-FJWB3-49CKM', 1, 1, 6, 1, 3, 'นางสาวนันทนา ชัยเดี่ยว', '2024-06-11 13:19:34'),
(209, '416-39-0039', 2539, 1, 3, 7, 1, 6, '2.50GHz.', 1, 1, 3, 7, 'XXXXX-XXXXX-XXXXX-XXXXX-XXXXX', 7, 'XXXXX-XXXXX-XXXXX-XXXXX-XXXXX', 1, 5, 10, 25, 89, 'นายอรรถพล บุญมาก', '2024-06-11 13:30:48'),
(210, '416-63-1392', 2563, 1, 8, 24, 1, 1, '3.60GHz.', 1, 4, 15, 55, 'XXXXX-XXXXX-XXXXX-XXXXX-XXXXX', 123, 'XXXXX-XXXXX-XXXXX-XXXXX-XXXXX', 1, 5, 10, 25, 89, 'นางสาวนันทนา เขียวอ่อน', '2024-06-11 13:44:56'),
(211, '416-59-0875', 2559, 1, 2, 2, 1, 3, '3.60GHz.', 1, 5, 14, 52, 'XXXXX-XXXXX-XXXXX-XXXXX-XXXXX', 113, 'XXXXX-XXXXX-XXXXX-XXXXX-XXXXX', 1, 6, 11, 28, 98, 'นางสาวชนิกา สายสุข', '2024-06-11 06:54:38'),
(212, '416-59-1291', 2559, 1, 2, 2, 1, 3, '3.60GHz.', 1, 4, 15, 58, 'XXXXX-XXXXX-XXXXX-XXXXX-XXXXX', 131, 'XXXXX-XXXXX-XXXXX-XXXXX-XXXXX', 1, 6, 11, 28, 98, 'นางสาวชนิกา สายสุข', '2024-06-11 06:55:51'),
(213, '416-60-1291', 2560, 1, 5, 21, 1, 21, '2.20GHz.', 1, 5, 14, 52, 'XXXXX-XXXXX-XXXXX-XXXXX-XXXXX', 113, 'XXXXX-XXXXX-XXXXX-XXXXX-XXXXX', 1, 6, 11, 28, 98, 'นายนพดล ชมภูชัย', '2024-06-11 08:17:32'),
(214, '416-50-0348', 2550, 1, 3, 5, 1, 1, '3.20GHz.', 1, 1, 3, 7, 'XXXXX-XXXXX-XXXXX-XXXXX-XXXXX', 7, 'XXXXX-XXXXX-XXXXX-XXXXX-XXXXX', 3, 6, 11, 29, 102, 'งานวิจัยและประเมินผล', '2024-06-11 08:23:50'),
(215, '416-66-2248', 2566, 1, 1, 41, 2, 10, '2.70GHz.', 3, 11, 43, 208, 'XXXXX-XXXXX-XXXXX-XXXXX-XXXXX', 556, 'XXXXX-XXXXX-XXXXX-XXXXX-XXXXX', 1, 9, 14, 41, 118, 'นายกิตติธัช ตะโนรี', '2024-06-12 06:55:00'),
(216, '416-55-0705', 2555, 1, 2, 50, 1, 2, '3.30GHz.', 1, 4, 15, 57, 'XXXXX-XXXXX-XXXXX-XXXXX-XXXXX', 128, 'XXXXX-XXXXX-XXXXX-XXXXX-XXXXX', 3, 6, 11, 28, 99, 'งานศูนย์เทคโนโลยีและการสื่อสาร', '2024-06-11 08:34:52'),
(217, '416-47-0219', 2547, 1, 14, 30, 1, 5, '3.10GHz.', 1, 2, 8, 22, 'XXXXX-XXXXX-XXXXX-XXXXX-XXXXX', 37, 'XXXXX-XXXXX-XXXXX-XXXXX-XXXXX', 1, 1, 6, 1, 1, 'นายอรรถชัย พุ่งประจักษ์', '2024-06-11 08:43:21'),
(218, '416-60-1232', 2560, 1, 2, 2, 1, 2, '3.70GHz.', 1, 4, 13, 47, 'XXXXX-XXXXX-XXXXX-XXXXX-XXXXX', 98, 'XXXXX-XXXXX-XXXXX-XXXXX-XXXXX', 1, 6, 11, 27, 97, 'นางอุบล บุพพัณหสมัย', '2024-06-11 08:47:34'),
(219, '416-65-1964', 2565, 1, 2, 50, 1, 3, '3.70GHz.', 1, 4, 13, 46, 'XXXXX-XXXXX-XXXXX-XXXXX-XXXXX', 96, 'XXXXX-XXXXX-XXXXX-XXXXX-XXXXX', 1, 6, 11, 27, 96, ' นางดวงนภา ชำนาญอาสา', '2024-06-11 08:50:24'),
(220, '416-65-1972', 2565, 1, 2, 45, 1, 1, '3.70GHz.', 1, 4, 13, 46, 'XXXXX-XXXXX-XXXXX-XXXXX-XXXXX', 96, 'B66TX-N7D46-HCTJM-3BJQN-F3KTP', 1, 6, 11, 29, 102, 'นางสาววิไล วงศ์พรม', '2024-06-11 08:59:52'),
(221, '416-63-1693', 2563, 1, 10, 26, 2, 16, '3.10GHz.', 2, 6, 27, 101, 'XXXXX-XXXXX-XXXXX-XXXXX-XXXXX', 234, 'XXXXX-XXXXX-XXXXX-XXXXX-XXXXX', 1, 6, 11, 29, 101, 'นางภัทรธิดา รัตนอนันต์', '2024-06-11 09:02:50'),
(222, '416-66-2389', 2566, 1, 2, 50, 1, 3, '2.90GHz.', 3, 11, 44, 214, 'XXXXX-XXXXX-XXXXX-XXXXX-XXXXX', 574, 'M7VJM-NHQRY-M4M7C-FJWB3-49CKM', 1, 6, 11, 29, 100, 'นางสาววราพรรณ ทะชมภู', '2024-06-11 09:04:16'),
(223, '416-47-0229', 2547, 1, 16, 33, 2, 14, '3.20GHz.', 1, 4, 10, 29, 'XXXXX-XXXXX-XXXXX-XXXXX-XXXXX', 52, 'XXXXX-XXXXX-XXXXX-XXXXX-XXXXX', 1, 4, 9, 21, 73, 'นางวาสนา สิงห์ใจ', '2024-06-11 09:14:15'),
(224, '416-59-0859', 2559, 1, 2, 2, 1, 2, '3.20GHz.', 2, 8, 51, 255, 'XXXXX-XXXXX-XXXXX-XXXXX-XXXXX', 666, 'XXXXX-XXXXX-XXXXX-XXXXX-XXXXX', 1, 4, 9, 21, 73, 'นางอรุณศรี วงค์สวัสดิ์', '2024-06-11 09:16:24'),
(225, '419-50-0341', 2550, 1, 16, 33, 1, 4, '3.70GHz', 1, 4, 10, 31, 'XXXXX-XXXXX-XXXXX-XXXXX-XXXXX', 56, 'XXXXX-XXXXX-XXXXX-XXXXX-XXXXX', 1, 4, 9, 22, 76, 'นางสิริลักษณ์ แผงคำ', '2024-06-11 09:33:49'),
(226, '416-42-0054', 2542, 1, 16, 33, 1, 4, '4.10GHz.', 2, 8, 51, 255, 'XXXXX-XXXXX-XXXXX-XXXXX-XXXXX', 666, 'XXXXX-XXXXX-XXXXX-XXXXX-XXXXX', 1, 4, 9, 21, 73, 'นางปณิตา กวางตุ้ง', '2024-06-11 09:37:19'),
(227, '416-65-2079', 2566, 2, 19, 4, 1, 3, '2.90GHz.', 2, 9, 40, 190, 'XXXXX-XXXXX-XXXXX-XXXXX-XXXXX', 502, 'XXXXX-XXXXX-XXXXX-XXXXX-XXXXX', 1, 9, 14, 41, 118, 'นางสาวดวงเดือน ไชยชนะ', '2024-06-11 09:53:50'),
(228, '416-65-2081', 2565, 2, 19, 4, 1, 3, '2.90GHz.', 2, 9, 40, 190, 'XXXXX-XXXXX-XXXXX-XXXXX-XXXXX', 502, 'XXXXX-XXXXX-XXXXX-XXXXX-XXXXX', 1, 9, 14, 41, 118, 'นายกิตติ จิวะสันติการ', '2024-06-11 09:55:36'),
(229, '416-64-0131', 2564, 3, 25, 46, 1, 2, '2.40GHz', 1, 4, 13, 45, 'XXXXX-XXXXX-XXXXX-XXXXX-XXXXX', 92, 'XXXXX-XXXXX-XXXXX-XXXXX-XXXXX', 1, 2, 2, 11, 34, 'นายเสฏฐวุฒิ ปรางค์สุวรรณ', '2024-06-27 18:27:06'),
(230, '416-66-2333', 2566, 1, 2, 58, 2, 9, '2.30GHz', 3, 11, 43, 208, 'XXXXX-XXXXX-XXXXX-XXXXX-XXXXX', 556, 'XXXXX-XXXXX-XXXXX-XXXXX-XXXXX', 1, 8, 13, 33, 116, 'นางสาววัชราภรณ์ เสถียรลัคนานุกูล', '2024-06-11 17:07:11'),
(231, '416-66-2330', 2566, 1, 2, 58, 2, 9, '2.30GHz', 3, 11, 43, 208, 'XXXXX-XXXXX-XXXXX-XXXXX-XXXXX', 556, 'M7VJM-NHQRY-M4M7C-FJWB3-49CKM', 1, 8, 13, 38, 110, 'นางสาวคณามาศ ยาบ้านแป้ง', '2024-06-16 18:48:19'),
(232, '416-65-2064', 2565, 1, 2, 50, 1, 2, '2.90GHz.', 1, 4, 15, 59, 'XXXXX-XXXXX-XXXXX-XXXXX-XXXXX', 135, 'NQOH8-CBHRV-BHJKH-XKMTX-QBP22', 1, 8, 13, 33, 116, ' นางสาวมรกต มนะสิการ', '2024-06-11 17:13:55'),
(233, '416-47-0212', 2547, 1, 2, 2, 1, 1, '3.40GHz.', 1, 4, 10, 228, 'XXXXX-XXXXX-XXXXX-XXXXX-XXXXX', 608, 'XXXXX-XXXXX-XXXXX-XXXXX-XXXXX', 1, 8, 13, 32, 113, 'นางสาวนันทนีย์ มนะสิการ', '2024-06-11 17:23:32'),
(234, '416-65-2062', 2565, 1, 2, 50, 1, 2, '2.70GHz.', 1, 4, 15, 59, 'XXXXX-XXXXX-XXXXX-XXXXX-XXXXX', 135, 'T67N2-2VPK4-HQBJB-22RQX-WTYP2', 1, 8, 13, 32, 111, ' นางพัสณีย์ กิติคำ', '2024-06-11 17:26:27'),
(235, '416-52-0531', 2552, 1, 2, 2, 1, 7, '2.80GHz.', 1, 1, 3, 8, 'XXXXX-XXXXX-XXXXX-XXXXX-XXXXX', 10, 'XXXXX-XXXXX-XXXXX-XXXXX-XXXXX', 1, 2, 2, 12, 35, 'นางสาวพันทิพา ไพบูลย์', '2024-06-11 17:29:58'),
(236, '416-65-1913', 2565, 1, 2, 50, 1, 1, '3.70GHz.', 1, 4, 13, 45, 'XXXXX-XXXXX-XXXXX-XXXXX-XXXXX', 92, 'XXXXX-XXXXX-XXXXX-XXXXX-XXXXX', 1, 2, 2, 12, 36, 'นายงเบญจวรรณ สุภาพ', '2024-06-11 17:33:34'),
(237, '416-55-0699', 2555, 1, 2, 2, 1, 1, '3.00GHz.', 1, 4, 13, 43, 'XXXXX-XXXXX-XXXXX-XXXXX-XXXXX', 85, 'XXXXX-XXXXX-XXXXX-XXXXX-XXXXX', 1, 2, 7, 8, 20, 'นายนิติรัฐ จวงพลงาม', '2024-06-11 17:36:14'),
(238, '416-66-2271', 2566, 1, 3, 53, 1, 2, '4.30GHz', 2, 10, 41, 196, 'XXXXX-XXXXX-XXXXX-XXXXX-XXXXX', 520, 'XXXXX-XXXXX-XXXXX-XXXXX-XXXXX', 1, 2, 1, 9, 26, 'นางกนกวรรณ สิขัณฑกนาค', '2024-06-11 17:44:32'),
(239, '416-63-1382', 2563, 1, 8, 24, 1, 1, '3.60GHz.', 1, 4, 13, 45, 'XXXXX-XXXXX-XXXXX-XXXXX-XXXXX', 92, 'XXXXX-XXXXX-XXXXX-XXXXX-XXXXX', 1, 2, 7, 8, 20, 'นางสาวศศิมา ธรรมสิทธิ์', '2024-06-11 17:47:40'),
(240, '416-61-2222', 2561, 1, 1, 41, 1, 3, '2.90GHz.', 3, 11, 44, 214, 'XXXXX-XXXXX-XXXXX-XXXXX-XXXXX', 574, 'XXXXX-XXXXX-XXXXX-XXXXX-XXXXX', 1, 2, 1, 10, 30, 'นายศุภณัฐ ไปเร็ว', '2024-06-11 17:49:19'),
(241, '416-64-1805', 2564, 1, 2, 2, 1, 1, '3.60GHz.', 1, 4, 13, 47, 'XXXXX-XXXXX-XXXXX-XXXXX-XXXXX', 99, 'XXXXX-XXXXX-XXXXX-XXXXX-XXXXX', 1, 2, 1, 10, 31, ' นางสาวกนกกาญจน์ พรรณรัตน์', '2024-06-11 17:51:18'),
(242, '416-52-0052', 2552, 1, 2, 2, 2, 18, '3.30GHz.', 2, 9, 30, 119, 'XXXXX-XXXXX-XXXXX-XXXXX-XXXXX', 288, 'XXXXX-XXXXX-XXXXX-XXXXX-XXXXX', 1, 2, 1, 9, 26, 'นางสาวณัฐธิดา ปัญญาเปียง', '2024-06-11 17:54:09'),
(243, '416-64-1804', 2564, 1, 2, 2, 1, 1, '3.60GHz.', 1, 4, 13, 45, 'XXXXX-XXXXX-XXXXX-XXXXX-XXXXX', 93, 'XXXXX-XXXXX-XXXXX-XXXXX-XXXXX', 1, 2, 2, 52, 169, 'นางสาวสุกัลญา เรืองรุ่ง', '2024-06-11 18:13:18');
INSERT INTO `computer_lists` (`id`, `serial_number`, `year_equipment`, `computer_type`, `computer_case`, `computer_model`, `brand_cpu`, `spec_cpu`, `speed_cpu`, `storage_device`, `storage_spec`, `ram_computer`, `microsoft_office`, `key_product_office`, `os_computer`, `key_product_windows`, `status_equipment`, `department`, `segment`, `division`, `working`, `owner_computer`, `created_at`) VALUES
(244, '416-50-0006', 2550, 1, 11, 27, 1, 4, '2.50GHz.', 1, 1, 3, 7, 'XXXXX-XXXXX-XXXXX-XXXXX-XXXXX', 7, 'XXXXX-XXXXX-XXXXX-XXXXX-XXXXX', 1, 2, 2, 13, 38, 'นายณัฐพงศ์ ศรีนวล', '2024-06-11 18:16:16'),
(245, '416-66-2273', 2566, 1, 3, 53, 1, 2, '3.00GHz.', 2, 9, 34, 145, 'XXXXX-XXXXX-XXXXX-XXXXX-XXXXX', 367, 'NCBK9-DWSWD-7DB9R-WHVQ2-QQ722', 1, 2, 2, 11, 32, 'นางนัทธ์หทัย สุระสะ', '2024-06-11 18:18:49'),
(246, '416-60-1284', 2560, 1, 2, 2, 1, 3, '3.40GHz.', 1, 5, 14, 49, 'XXXXX-XXXXX-XXXXX-XXXXX-XXXXX', 104, 'XXXXX-XXXXX-XXXXX-XXXXX-XXXXX', 1, 2, 2, 13, 37, 'นางมณฑา คำจันทร์ทิพย์', '2024-06-11 18:24:58'),
(247, '416-55-0698', 2555, 1, 2, 2, 1, 2, '3.00GHz.', 1, 4, 10, 29, 'XXXXX-XXXXX-XXXXX-XXXXX-XXXXX', 51, 'XXXXX-XXXXX-XXXXX-XXXXX-XXXXX', 1, 2, 1, 9, 28, 'นางรัญญากร อุสาหะนันท์', '2024-06-11 18:28:32'),
(248, '416-52-0530', 2552, 1, 3, 6, 1, 1, '2.80GHz.', 1, 1, 7, 18, 'XXXXX-XXXXX-XXXXX-XXXXX-XXXXX', 29, 'XXXXX-XXXXX-XXXXX-XXXXX-XXXXX', 1, 2, 2, 13, 37, 'นางสาวณัฏฐนิชา เครื่องคำ', '2024-06-11 18:31:30'),
(249, '416-65-1909', 2565, 1, 2, 50, 1, 1, '3.70GHz.', 1, 4, 13, 46, 'XXXXX-XXXXX-XXXXX-XXXXX-XXXXX', 96, '3YHFN-H33T6-63JJ3-RDPYH-BDWXC', 1, 2, 7, 8, 20, 'นางสาวสุวีณา คำสม', '2024-06-11 18:34:25'),
(250, '416-65-1915', 2565, 1, 2, 50, 1, 1, '3.70GHz.', 1, 4, 13, 46, 'XXXXX-XXXXX-XXXXX-XXXXX-XXXXX', 96, 'D2466-7PYMK-84K9W-GCRVO-FKQVX', 1, 2, 2, 13, 37, 'นางสาวศิลาพร เป็งราชรอง', '2024-06-11 21:17:47'),
(251, '416-66-2425', 2566, 1, 1, 41, 2, 10, '2.70GHz.', 3, 11, 43, 208, 'XXXXX-XXXXX-XXXXX-XXXXX-XXXXX', 556, 'M7VJM-NHQRY-M4M7C-FJWB3-49CKM', 1, 4, 9, 23, 80, 'นางสาวชลิตา หอมแก่นจันทร์', '2024-06-11 21:23:25'),
(252, '416-66-2439', 2566, 1, 1, 41, 2, 10, '2.70GHz.', 3, 11, 43, 208, 'XXXXX-XXXXX-XXXXX-XXXXX-XXXXX', 556, 'M7VJM-NHQRY-M4M7C-FJWB3-49CKM', 1, 4, 9, 23, 83, 'นายธนวรรธน์ อินสุวรรณ', '2024-06-11 21:28:05'),
(253, '416-66-2436', 2566, 1, 2, 50, 1, 3, '2.70GHz.', 3, 11, 43, 208, 'XXXXX-XXXXX-XXXXX-XXXXX-XXXXX', 556, 'M7VJM-NHQRY-M4M7C-FJWB3-49CKM', 1, 4, 9, 23, 83, 'นางสาวนันทพัทธ์ นรรัตน์ปพน', '2024-06-12 13:37:53'),
(254, '416-66-2427', 2566, 1, 1, 41, 2, 10, '2.70GHz.', 3, 11, 43, 208, 'XXXXX-XXXXX-XXXXX-XXXXX-XXXXX', 556, 'M7VJM-NHQRY-M4M7C-FJWB3-49CKM', 1, 4, 9, 23, 84, 'นางสาวศลิลทิพย์ สุระแสน', '2024-06-12 13:41:35'),
(255, '416-66-2422', 2566, 1, 1, 41, 2, 10, '2.70GHz.', 3, 11, 43, 208, 'XXXXX-XXXXX-XXXXX-XXXXX-XXXXX', 556, 'M7VJM-NHQRY-M4M7C-FJWB3-49CKM', 1, 4, 9, 23, 84, 'นางผ่องศรี โสติน', '2024-06-12 13:43:21'),
(256, '416-66-2423', 2566, 1, 1, 41, 2, 10, '2.70GHz.', 3, 11, 43, 208, 'XXXXX-XXXXX-XXXXX-XXXXX-XXXXX', 556, 'XXXXX-XXXXX-XXXXX-XXXXX-XXXXX', 1, 4, 9, 23, 80, 'นางกัลญา ครอบครอง', '2024-06-12 13:44:36'),
(257, '416-66-2387', 2566, 1, 1, 41, 2, 10, '2.70GHz.', 3, 11, 43, 208, 'XXXXX-XXXXX-XXXXX-XXXXX-XXXXX', 556, 'XXXXX-XXXXX-XXXXX-XXXXX-XXXXX', 1, 6, 11, 29, 101, 'นางสาวลัดดาวรรณ ดิษฐา', '2024-06-12 13:59:15'),
(258, '416-66-2406', 2566, 1, 1, 41, 2, 10, '2.50GHz.', 3, 11, 43, 208, 'XXXXX-XXXXX-XXXXX-XXXXX-XXXXX', 556, 'M7VJM-NHQRY-M4M7C-FJWB3-49CKM', 1, 4, 9, 22, 74, 'นายวิชชุนัย ชัยมณีวงศ์', '2024-06-12 17:47:49'),
(259, '416-66-2326', 2566, 1, 2, 58, 2, 9, '2.30GHz', 3, 11, 43, 208, 'XXXXX-XXXXX-XXXXX-XXXXX-XXXXX', 556, 'M7VJM-NHQRY-M4M7C-FJWB3-49CKM', 1, 8, 13, 32, 111, 'นางวราพร กุญวงศ์', '2024-06-12 17:49:35'),
(260, '416-66-2325', 2566, 1, 2, 58, 2, 9, '2.30GHz', 3, 11, 43, 208, 'XXXXX-XXXXX-XXXXX-XXXXX-XXXXX', 556, 'M7VJM-NHQRY-M4M7C-FJWB3-49CKM', 1, 8, 13, 32, 111, 'นางศิริกานดา ใหญ่วงศ์', '2024-06-12 17:51:29'),
(261, '416-52-0615', 2552, 1, 7, 23, 1, 4, '3.50GHz.', 1, 4, 13, 46, 'XXXXX-XXXXX-XXXXX-XXXXX-XXXXX', 94, 'XXXXX-XXXXX-XXXXX-XXXXX-XXXXX', 1, 3, 4, 35, 48, 'นางสาวสุนิสา จันทรา', '2024-06-12 17:57:02'),
(262, '416-59-0919', 2559, 1, 13, 29, 1, 4, '3.50GHz.', 1, 4, 13, 45, 'XXXXX-XXXXX-XXXXX-XXXXX-XXXXX', 92, 'XXXXX-XXXXX-XXXXX-XXXXX-XXXXX', 1, 3, 4, 35, 48, 'นางสาวสุนิสา จันทรา', '2024-06-12 18:41:20'),
(263, '415-44-0073', 2544, 1, 9, 25, 1, 4, '3.50GHz.', 1, 4, 13, 46, 'XXXXX-XXXXX-XXXXX-XXXXX-XXXXX', 95, '3YHFN-H33T6-63JJ3-RDPYH-BDWXC', 1, 3, 4, 35, 48, 'นางสาวสุนิสา จันทรา', '2024-06-12 18:53:21'),
(264, '416-43-0062', 2543, 1, 7, 23, 1, 4, '3.30GHz.', 1, 4, 13, 45, 'XXXXX-XXXXX-XXXXX-XXXXX-XXXXX', 92, 'XXXXX-XXXXX-XXXXX-XXXXX-XXXXX', 1, 3, 8, 14, 39, 'นางสาววราพร ทะชมภู', '2024-06-12 19:00:04'),
(265, '416-66-2287', 2566, 1, 2, 50, 1, 2, '2.90GHz.', 3, 11, 44, 214, 'XXXXX-XXXXX-XXXXX-XXXXX-XXXXX', 574, 'M7VJM-NHQRY-M4M7C-FJWB3-49CKM', 1, 3, 4, 18, 51, 'นายมานพ อุดหมอ', '2024-06-12 19:04:17'),
(266, '416-52-0620', 2552, 1, 8, 24, 1, 7, '2.20GHz.', 2, 6, 18, 73, 'XXXXX-XXXXX-XXXXX-XXXXX-XXXXX', 175, 'XXXXX-XXXXX-XXXXX-XXXXX-XXXXX', 1, 3, 4, 18, 51, 'นายมานพ อุดหมอ', '2024-06-12 19:06:50'),
(267, '416-46-0203', 2546, 1, 9, 31, 2, 14, '3.20GHz.', 1, 4, 15, 55, 'XXXXX-XXXXX-XXXXX-XXXXX-XXXXX', 122, 'XXXXX-XXXXX-XXXXX-XXXXX-XXXXX', 1, 3, 4, 18, 52, 'นางปณิดา ศิรวงษ์', '2024-06-12 19:11:16'),
(268, '416-65-2035', 2565, 1, 2, 50, 1, 3, '2.90GHz.', 1, 4, 15, 58, 'XXXXX-XXXXX-XXXXX-XXXXX-XXXXX', 131, 'XXXXX-XXXXX-XXXXX-XXXXX-XXXXX', 1, 3, 4, 18, 52, 'นางปณิดา ศิรวงษ์', '2024-06-12 19:14:29'),
(269, '416-66-2329', 2566, 3, 24, 43, 1, 1, '2.70GHz.', 1, 3, 63, 326, 'XXXXX-XXXXX-XXXXX-XXXXX-XXXXX', 939, 'M7VJM-NHQRY-M4M7C-FJWB3-49CKM', 1, 1, 6, 1, 3, 'นางสาวเบญจมาศ แก้วมูลคำ', '2024-06-12 19:22:24'),
(270, '416-66-2426', 2566, 1, 1, 41, 2, 10, '2.70GHz.', 3, 11, 43, 208, 'XXXXX-XXXXX-XXXXX-XXXXX-XXXXX', 556, 'M7VJM-NHQRY-M4M7C-FJWB3-49CKM', 1, 4, 9, 23, 82, 'นางสาวปาริชาติ พิบุลรัตน์', '2024-06-12 19:24:17'),
(271, '416-66-2337', 2566, 1, 2, 50, 1, 3, '2.90GHz.', 3, 11, 44, 214, 'XXXXX-XXXXX-XXXXX-XXXXX-XXXXX', 574, 'M7VJM-NHQRY-M4M7C-FJWB3-49CKM', 1, 7, 12, 31, 106, 'นางกฤษณา ดวงปินตา', '2024-06-12 19:44:30'),
(272, '416-66-2239', 2566, 1, 2, 50, 1, 3, '2.90GHz.', 3, 11, 44, 214, 'XXXXX-XXXXX-XXXXX-XXXXX-XXXXX', 574, 'XXXXX-XXXXX-XXXXX-XXXXX-XXXXX', 1, 1, 6, 5, 13, 'นางสาวน้องน้อย ชัยวงศ์สุรฤิทธิ์', '2024-06-12 19:50:09'),
(273, '416-66-2401', 2566, 1, 2, 50, 1, 3, '2.90GHz.', 3, 11, 44, 214, 'XXXXX-XXXXX-XXXXX-XXXXX-XXXXX', 574, 'M7VJM-NHQRY-M4M7C-FJWB3-49CKM', 3, 6, 11, 28, 98, 'นางสาวเบญญาภา วงศ์วิทย์', '2024-06-12 19:52:30'),
(274, '416-65-2085', 2565, 2, 19, 4, 2, 9, '2.50GHz.', 2, 9, 34, 144, 'XXXXX-XXXXX-XXXXX-XXXXX-XXXXX', 364, 'XXXXX-XXXXX-XXXXX-XXXXX-XXXXX', 1, 1, 6, 4, 9, 'นางสาวนริศรา หงสกุล', '2024-06-13 00:47:14'),
(275, '416-62-1360', 2562, 1, 10, 26, 1, 1, '3.60GHz.', 1, 4, 13, 43, 'XXXXX-XXXXX-XXXXX-XXXXX-XXXXX', 86, 'XXXXX-XXXXX-XXXXX-XXXXX-XXXXX', 1, 1, 6, 4, 9, 'นางสาวนริศรา หงสกุล', '2024-06-13 00:49:20'),
(276, '416-60-1231', 2560, 2, 21, 42, 1, 1, '2.00GHz.', 1, 4, 13, 43, 'XXXXX-XXXXX-XXXXX-XXXXX-XXXXX', 86, 'XXXXX-XXXXX-XXXXX-XXXXX-XXXXX', 1, 1, 6, 7, 18, 'นางทับทิม ร้องเมือง', '2024-06-13 00:52:23'),
(277, '416-63-1697', 2563, 1, 10, 26, 1, 1, '3.00GHz.', 1, 4, 10, 29, 'XXXXX-XXXXX-XXXXX-XXXXX-XXXXX', 52, 'XXXXX-XXXXX-XXXXX-XXXXX-XXXXX', 1, 1, 6, 7, 18, 'นางทับทิม ร้องเมือง', '2024-06-13 00:55:43'),
(278, '416-42-0049', 2542, 1, 13, 29, 1, 1, '3.90GHz.', 1, 4, 10, 29, 'XXXXX-XXXXX-XXXXX-XXXXX-XXXXX', 52, 'XXXXX-XXXXX-XXXXX-XXXXX-XXXXX', 1, 1, 6, 3, 8, 'นายอรรนพ ฟังเพราะ', '2024-06-13 01:05:26'),
(279, '416-44-1004', 2544, 1, 15, 32, 2, 10, '2.70GHz.', 2, 6, 31, 127, 'XXXXX-XXXXX-XXXXX-XXXXX-XXXXX', 313, 'XXXXX-XXXXX-XXXXX-XXXXX-XXXXX', 1, 1, 6, 1, 1, 'นางปรัชญา กลมขุนทช', '2024-06-13 01:16:51'),
(280, '416-65-2054', 2565, 1, 2, 50, 1, 1, '3.70GHz.', 1, 4, 13, 46, 'XXXXX-XXXXX-XXXXX-XXXXX-XXXXX', 96, 'K3TQB-PN4FF-92QYD-VM7WD-VXMP2', 1, 1, 6, 1, 1, 'นางนันทิมา พวงสุวรรณ', '2024-06-13 01:19:52'),
(281, '416-44-0080', 2544, 1, 15, 32, 1, 1, '3.10GHz.', 2, 9, 30, 121, 'XXXXX-XXXXX-XXXXX-XXXXX-XXXXX', 295, 'XXXXX-XXXXX-XXXXX-XXXXX-XXXXX', 1, 1, 6, 1, 1, 'นางกนิษฐา ไชยแก้ว', '2024-06-13 01:24:07'),
(282, '416-66-2320', 2566, 1, 2, 50, 1, 3, '4.10GHz.', 3, 11, 44, 214, 'XXXXX-XXXXX-XXXXX-XXXXX-XXXXX', 574, 'M7VJM-NHQRY-M4M7C-FJWB3-49CKM', 1, 1, 6, 1, 121, 'นายสวาท จำปาอูป', '2024-06-13 01:26:49'),
(283, '416-51-0394', 2551, 1, 15, 32, 2, 14, '3.20GHz.', 2, 8, 25, 92, 'XXXXX-XXXXX-XXXXX-XXXXX-XXXXX', 214, 'XXXXX-XXXXX-XXXXX-XXXXX-XXXXX', 1, 1, 6, 4, 11, 'นางสาวรุ่งนภา แฉชนวน', '2024-06-13 01:28:54'),
(284, '416-64-1766', 2564, 1, 2, 45, 1, 2, '3.00GHz.', 1, 4, 13, 45, 'XXXXX-XXXXX-XXXXX-XXXXX-XXXXX', 92, 'XXXXX-XXXXX-XXXXX-XXXXX-XXXXX', 1, 2, 2, 11, 34, 'นายวรัทญ์ชานนท์ สุมาณาน', '2024-06-13 02:35:29'),
(285, '416-64-1779', 2564, 1, 2, 45, 1, 2, '3.00GHz.', 1, 4, 13, 45, 'XXXXX-XXXXX-XXXXX-XXXXX-XXXXX', 92, 'XXXXX-XXXXX-XXXXX-XXXXX-XXXXX', 1, 2, 2, 11, 34, 'นายวรัทญ์ชานนท์ สุมาณาน', '2024-06-13 02:36:49'),
(286, '416-64-1780', 2564, 1, 2, 45, 1, 2, '3.00GHz.', 1, 4, 13, 45, 'XXXXX-XXXXX-XXXXX-XXXXX-XXXXX', 92, 'XXXXX-XXXXX-XXXXX-XXXXX-XXXXX', 1, 2, 2, 11, 34, 'นายวรัทญ์ชานนท์ สุมาณาน', '2024-06-13 02:37:46'),
(287, '416-64-1767', 2564, 1, 2, 45, 1, 2, '3.00GHz.', 1, 4, 13, 45, 'XXXXX-XXXXX-XXXXX-XXXXX-XXXXX', 92, 'XXXXX-XXXXX-XXXXX-XXXXX-XXXXX', 1, 2, 2, 11, 34, 'นายวรัทญ์ชานนท์ สุมาณาน', '2024-06-13 02:39:03'),
(288, '416-64-1769', 2564, 1, 2, 45, 1, 2, '3.00GHz.', 1, 4, 13, 45, 'XXXXX-XXXXX-XXXXX-XXXXX-XXXXX', 92, 'XXXXX-XXXXX-XXXXX-XXXXX-XXXXX', 1, 2, 2, 11, 34, 'นายวรัทญ์ชานนท์ สุมาณาน', '2024-06-13 02:40:16'),
(289, '416-64-1775', 2564, 1, 2, 45, 1, 2, '3.00GHz.', 1, 4, 13, 45, 'XXXXX-XXXXX-XXXXX-XXXXX-XXXXX', 92, 'XXXXX-XXXXX-XXXXX-XXXXX-XXXXX', 1, 2, 2, 11, 34, 'นายวรัทญ์ชานนท์ สุมาณาน', '2024-06-13 02:51:42'),
(290, '416-63-1616', 2563, 1, 5, 22, 1, 3, '2.00GHz.', 1, 4, 15, 57, 'XXXXX-XXXXX-XXXXX-XXXXX-XXXXX', 128, 'XXXXX-XXXXX-XXXXX-XXXXX-XXXXX', 1, 2, 7, 46, 161, 'นางสาวชนิการ์ ยอดเลา', '2024-06-13 02:58:23'),
(291, '416-62-1323', 2562, 2, 20, 4, 1, 2, '2.70GHz.', 1, 4, 15, 57, 'XXXXX-XXXXX-XXXXX-XXXXX-XXXXX', 128, 'XXXXX-XXXXX-XXXXX-XXXXX-XXXXX', 1, 2, 7, 46, 161, 'นางสาวชนิการ์ ยอดเลา', '2024-06-13 03:00:01'),
(292, '416-63-1631', 2563, 3, 24, 42, 1, 2, '3.90GHz.', 1, 4, 15, 57, 'XXXXX-XXXXX-XXXXX-XXXXX-XXXXX', 128, 'XXXXX-XXXXX-XXXXX-XXXXX-XXXXX', 1, 2, 2, 11, 34, 'นายเสฏฐวุฒิ ปรางค์สุวรรณ', '2024-06-13 03:12:52'),
(293, '416-64-1771', 2564, 1, 2, 45, 1, 2, '3.00GHz.', 1, 4, 15, 57, 'XXXXX-XXXXX-XXXXX-XXXXX-XXXXX', 128, 'XXXXX-XXXXX-XXXXX-XXXXX-XXXXX', 1, 2, 2, 11, 34, 'นายเสฏฐวุฒิ ปรางค์สุวรรณ', '2024-06-13 03:14:45'),
(294, '416-64-1771', 2564, 1, 2, 45, 1, 2, '3.00GHz.', 1, 4, 15, 57, 'XXXXX-XXXXX-XXXXX-XXXXX-XXXXX', 128, 'XXXXX-XXXXX-XXXXX-XXXXX-XXXXX', 1, 2, 2, 11, 34, 'นายเสฏฐวุฒิ ปรางค์สุวรรณ', '2024-06-13 03:21:29'),
(295, '416-64-1772', 2564, 1, 2, 45, 1, 2, '3.20GHz.', 1, 4, 15, 57, 'XXXXX-XXXXX-XXXXX-XXXXX-XXXXX', 128, 'XXXXX-XXXXX-XXXXX-XXXXX-XXXXX', 1, 2, 2, 11, 34, 'นายเสฏฐวุฒิ ปรางค์สุวรรณ', '2024-06-13 19:41:17'),
(296, '416-64-1773', 2564, 1, 2, 45, 1, 2, '3.20GHz.', 1, 4, 15, 57, 'XXXXX-XXXXX-XXXXX-XXXXX-XXXXX', 128, 'XXXXX-XXXXX-XXXXX-XXXXX-XXXXX', 1, 2, 2, 11, 34, 'นายเสฏฐวุฒิ ปรางค์สุวรรณ', '2024-06-13 19:42:29'),
(297, '416-64-1774', 2564, 1, 2, 45, 1, 2, '3.20GHz.', 1, 4, 15, 57, 'XXXXX-XXXXX-XXXXX-XXXXX-XXXXX', 128, 'XXXXX-XXXXX-XXXXX-XXXXX-XXXXX', 1, 2, 2, 11, 34, 'นายเสฏฐวุฒิ ปรางค์สุวรรณ', '2024-06-13 19:43:30'),
(298, '416-64-0121', 2564, 3, 25, 50, 1, 2, '3.20GHz.', 2, 8, 29, 113, 'XXXXX-XXXXX-XXXXX-XXXXX-XXXXX', 270, 'XXXXX-XXXXX-XXXXX-XXXXX-XXXXX', 1, 2, 2, 11, 34, 'นายเสฏฐวุฒิ ปรางค์สุวรรณ', '2024-06-13 20:25:14'),
(299, '416-64-0122', 2564, 3, 25, 50, 1, 2, '3.20GHz.', 2, 8, 29, 113, 'XXXXX-XXXXX-XXXXX-XXXXX-XXXXX', 270, 'XXXXX-XXXXX-XXXXX-XXXXX-XXXXX', 1, 2, 2, 11, 34, 'นายเสฏฐวุฒิ ปรางค์สุวรรณ', '2024-06-13 20:26:46'),
(300, '416-64-0123', 2564, 3, 25, 50, 1, 2, '3.20GHz.', 1, 4, 13, 45, 'XXXXX-XXXXX-XXXXX-XXXXX-XXXXX', 92, 'XXXXX-XXXXX-XXXXX-XXXXX-XXXXX', 1, 2, 2, 11, 34, 'นายเสฏฐวุฒิ ปรางค์สุวรรณ', '2024-06-13 20:28:08'),
(301, '416-64-0124', 2564, 3, 25, 50, 1, 2, '3.20GHz.', 1, 4, 13, 45, 'XXXXX-XXXXX-XXXXX-XXXXX-XXXXX', 92, 'XXXXX-XXXXX-XXXXX-XXXXX-XXXXX', 1, 2, 2, 11, 34, 'นายเสฏฐวุฒิ ปรางค์สุวรรณ', '2024-06-13 20:29:08'),
(302, '416-66-2376', 2566, 1, 2, 50, 1, 3, '2.70GHz', 3, 11, 44, 214, 'XXXXX-XXXXX-XXXXX-XXXXX-XXXXX', 574, 'M7VJM-NHQRY-M4M7C-FJWB3-49CKM', 1, 5, 10, 26, 93, 'นางจารุวรรณ ไชยกันทะ', '2024-06-13 20:37:06'),
(303, '416-66-2380', 2566, 1, 2, 50, 1, 3, '2.70GHz', 3, 11, 44, 214, 'XXXXX-XXXXX-XXXXX-XXXXX-XXXXX', 574, 'M7VJM-NHQRY-M4M7C-FJWB3-49CKM', 1, 5, 10, 26, 93, 'นางสาวกัญประวีร์ ปิงใจ', '2024-06-13 20:38:44'),
(304, '416-66-2331', 2566, 3, 24, 43, 1, 1, '2.90GHz.', 1, 3, 63, 326, 'XXXXX-XXXXX-XXXXX-XXXXX-XXXXX', 939, 'M7VJM-NHQRY-M4M7C-FJWB3-49CKM', 1, 1, 6, 1, 1, 'นางสาวเนตรชนก กาญจนดิษฐ์', '2024-06-13 20:56:46'),
(305, '416-59-0916', 2559, 1, 15, 32, 2, 16, '3.90GHz.', 1, 4, 15, 57, 'XXXXX-XXXXX-XXXXX-XXXXX-XXXXX', 128, 'XXXXX-XXXXX-XXXXX-XXXXX-XXXXX', 1, 3, 5, 43, 55, 'นางภัทรพร ปั้นเปลี่ยนทอง', '2024-06-13 21:08:14'),
(306, '416-52-0532', 2552, 1, 14, 30, 1, 5, '4.00GHz.', 1, 4, 15, 57, 'XXXXX-XXXXX-XXXXX-XXXXX-XXXXX', 128, 'XXXXX-XXXXX-XXXXX-XXXXX-XXXXX', 1, 3, 8, 14, 41, 'นางสาวสิริกร สุวรรณศรี', '2024-06-13 21:11:47'),
(307, '416-52-0532', 2552, 1, 14, 30, 1, 5, '4.00GHz.', 2, 6, 31, 125, 'XXXXX-XXXXX-XXXXX-XXXXX-XXXXX', 306, 'XXXXX-XXXXX-XXXXX-XXXXX-XXXXX', 1, 3, 8, 14, 41, 'นางสาวสิริกร สุวรรณศรี', '2024-06-13 21:13:54'),
(308, '416-52-0592', 2552, 1, 14, 30, 2, 14, '3.20GHz.', 1, 4, 15, 58, 'XXXXX-XXXXX-XXXXX-XXXXX-XXXXX', 131, 'XXXXX-XXXXX-XXXXX-XXXXX-XXXXX', 1, 3, 3, 15, 44, 'นายนวภัติ ข้ามสาม', '2024-06-13 22:31:27'),
(309, '416-65-2011', 2565, 1, 2, 50, 1, 1, '3.70GHz.', 1, 4, 13, 46, 'XXXXX-XXXXX-XXXXX-XXXXX-XXXXX', 96, 'XXXXX-XXXXX-XXXXX-XXXXX-XXXXX', 1, 3, 5, 42, 65, 'นางอุษณีพร โตะนะโพธิ์', '2024-06-14 02:18:24'),
(310, '416-48-0324', 2548, 1, 2, 2, 1, 4, '2.90GHz.', 1, 3, 5, 14, 'XXXXX-XXXXX-XXXXX-XXXXX-XXXXX', 22, 'XXXXX-XXXXX-XXXXX-XXXXX-XXXXX', 1, 3, 5, 42, 65, 'นางอุษณีพร โตะนะโพธิ์', '2024-06-14 02:20:15'),
(311, '416-58-0829', 2558, 1, 2, 2, 1, 1, '3.40GHz.', 1, 4, 10, 29, 'XXXXX-XXXXX-XXXXX-XXXXX-XXXXX', 52, 'XXXXX-XXXXX-XXXXX-XXXXX-XXXXX', 1, 3, 5, 43, 55, 'นางภัทรพร ปั้นเปลี่ยนทอง', '2024-06-14 02:22:50'),
(312, '416-58-0829', 2558, 1, 2, 2, 1, 1, '3.40GHz.', 2, 6, 23, 83, 'XXXXX-XXXXX-XXXXX-XXXXX-XXXXX', 196, 'XXXXX-XXXXX-XXXXX-XXXXX-XXXXX', 1, 3, 5, 43, 55, 'นางภัทรพร ปั้นเปลี่ยนทอง', '2024-06-14 02:23:50'),
(313, '416-64-1829', 2564, 1, 2, 2, 1, 1, '3.60GHz.', 1, 4, 13, 43, 'XXXXX-XXXXX-XXXXX-XXXXX-XXXXX', 86, 'XXXXX-XXXXX-XXXXX-XXXXX-XXXXX', 1, 5, 10, 26, 93, 'นางธันยพร อักขระวิจิตภาถุ', '2024-06-14 02:28:32'),
(314, '416-64-0064', 2564, 1, 2, 45, 1, 1, '3.60GHz.', 1, 4, 13, 43, 'XXXXX-XXXXX-XXXXX-XXXXX-XXXXX', 87, '3YHFN-H33T6-63JJ3-RDPYH-BDWXC', 1, 5, 10, 25, 91, 'นางปิยกร ใจแข็ง', '2024-06-14 02:31:03'),
(315, '416-56-0706', 2556, 2, 19, 4, 1, 2, '3.60GHz.', 1, 4, 13, 43, 'XXXXX-XXXXX-XXXXX-XXXXX-XXXXX', 85, 'XXXXX-XXXXX-XXXXX-XXXXX-XXXXX', 1, 5, 10, 24, 85, 'นางสาวนันทิดา คำแก้ว', '2024-06-14 02:32:59'),
(316, '416-59-0853', 2559, 1, 2, 2, 1, 2, '3.20GHz.', 1, 4, 10, 227, 'XXXXX-XXXXX-XXXXX-XXXXX-XXXXX', 607, 'XXXXX-XXXXX-XXXXX-XXXXX-XXXXX', 1, 5, 10, 24, 85, 'นางสาวนันทิดา คำแก้ว', '2024-06-14 02:35:14'),
(317, '416-59-0853', 2559, 1, 2, 2, 1, 2, '3.20GHz.', 2, 6, 23, 86, 'XXXXX-XXXXX-XXXXX-XXXXX-XXXXX', 202, 'XXXXX-XXXXX-XXXXX-XXXXX-XXXXX', 1, 5, 10, 24, 85, 'นางสาวนันทิดา คำแก้ว', '2024-06-14 02:36:34'),
(318, '416-64-1831', 2564, 1, 2, 2, 1, 1, '3.60GHz.', 1, 4, 13, 43, 'XXXXX-XXXXX-XXXXX-XXXXX-XXXXX', 86, 'XXXXX-XXXXX-XXXXX-XXXXX-XXXXX', 1, 5, 10, 26, 93, 'นางศิริธร โพธิพันธ์', '2024-06-14 02:39:44'),
(319, '416-65-1896', 2565, 1, 2, 50, 1, 1, '3.70GHz.', 1, 4, 13, 46, 'XXXXX-XXXXX-XXXXX-XXXXX-XXXXX', 96, 'JKNTP-FKN64-C6FT7-VTXVG-KTPKC', 1, 5, 10, 26, 94, 'นางสาวนิตยา เตชะกันทา', '2024-06-14 02:43:48'),
(320, '416-63-1390', 2563, 1, 8, 24, 1, 1, '3.60GHz.', 1, 4, 13, 43, 'XXXXX-XXXXX-XXXXX-XXXXX-XXXXX', 86, 'XXXXX-XXXXX-XXXXX-XXXXX-XXXXX', 1, 5, 10, 26, 93, 'นายสภสุต รุ่งเรือง', '2024-06-14 02:48:53'),
(321, '416-63-1581', 2563, 1, 2, 45, 1, 1, '3.60GHz.', 1, 4, 13, 43, 'XXXXX-XXXXX-XXXXX-XXXXX-XXXXX', 87, 'XXXXX-XXXXX-XXXXX-XXXXX-XXXXX', 1, 5, 10, 25, 91, 'นายปริวัตร ทองอุไร', '2024-06-14 02:54:26'),
(322, '416-63-1572', 2563, 1, 2, 45, 1, 3, '3.20GHz.', 1, 4, 15, 55, 'XXXXX-XXXXX-XXXXX-XXXXX-XXXXX', 123, 'XXXXX-XXXXX-XXXXX-XXXXX-XXXXX', 1, 5, 10, 25, 87, 'นางปานิดา สิงห์บุญ', '2024-06-14 02:56:54'),
(323, '416-60-1240', 2560, 1, 1, 48, 1, 2, '2.70GHz', 1, 4, 13, 43, 'XXXXX-XXXXX-XXXXX-XXXXX-XXXXX', 86, 'XXXXX-XXXXX-XXXXX-XXXXX-XXXXX', 1, 5, 10, 25, 91, 'นายปรีชานนท์ ดวงแก้ว', '2024-06-28 01:50:44'),
(324, '416-60-1240', 2561, 1, 1, 48, 1, 2, '2.70GHz', 2, 6, 27, 99, 'XXXXX-XXXXX-XXXXX-XXXXX-XXXXX', 228, 'XXXXX-XXXXX-XXXXX-XXXXX-XXXXX', 1, 5, 10, 25, 91, 'นายปรีชานนท์ ดวงแก้ว', '2024-06-28 01:52:12'),
(325, '416-56-0702', 2556, 1, 9, 31, 1, 4, '2.90GHz.', 1, 1, 46, 222, 'XXXXX-XXXXX-XXXXX-XXXXX-XXXXX', 594, 'XXXXX-XXXXX-XXXXX-XXXXX-XXXXX', 1, 5, 10, 24, 85, 'นางชุมริการณ์ ทาเกษม', '2024-06-14 03:28:11'),
(326, '416-65-1892', 2565, 1, 2, 50, 1, 1, '2.70GHz.', 1, 4, 13, 46, 'XXXXX-XXXXX-XXXXX-XXXXX-XXXXX', 96, 'KFRTT-2N8M7-TKXFP-9BQQR-JHV22', 1, 5, 10, 24, 85, 'นางสาวศศิธร อินใจกุล', '2024-06-14 03:30:56'),
(327, '416-54-0653', 2554, 1, 3, 8, 1, 1, '3.73GHz.', 1, 2, 8, 21, 'XXXXX-XXXXX-XXXXX-XXXXX-XXXXX', 35, 'XXXXX-XXXXX-XXXXX-XXXXX-XXXXX', 1, 5, 10, 24, 85, 'นางทิพยืธัญญา บัวแก้ว', '2024-06-14 03:33:01'),
(328, '416-42-0014', 2542, 1, 2, 44, 1, 4, '1.60GHz.', 1, 4, 10, 29, 'XXXXX-XXXXX-XXXXX-XXXXX-XXXXX', 52, 'XXXXX-XXXXX-XXXXX-XXXXX-XXXXX', 1, 5, 10, 24, 145, 'นายบุรินทร์ คำไว', '2024-06-14 03:35:05'),
(329, '416-60-0015', 2560, 1, 2, 2, 1, 2, '2.70GHz.', 1, 4, 13, 47, 'XXXXX-XXXXX-XXXXX-XXXXX-XXXXX', 98, 'XXXXX-XXXXX-XXXXX-XXXXX-XXXXX', 1, 5, 10, 24, 145, 'นายบุรินทร์ คำไว', '2024-06-14 03:37:22'),
(330, '416-65-1894', 2565, 1, 2, 50, 1, 1, '3.70GHz.', 1, 4, 13, 43, 'XXXXX-XXXXX-XXXXX-XXXXX-XXXXX', 86, 'XXXXX-XXXXX-XXXXX-XXXXX-XXXXX', 1, 5, 10, 26, 93, 'นายปิยศร เทพพิทักษ์', '2024-06-14 03:39:29'),
(331, '416-62-1365', 2562, 1, 10, 26, 1, 1, '3.60GHz.', 1, 4, 10, 29, 'XXXXX-XXXXX-XXXXX-XXXXX-XXXXX', 52, 'XXXXX-XXXXX-XXXXX-XXXXX-XXXXX', 1, 5, 10, 25, 87, 'นางสาวปัทมา ส่งหนุน', '2024-06-14 03:51:14'),
(332, '416-62-1365', 2562, 1, 10, 26, 1, 1, '3.60GHz.', 2, 6, 23, 83, 'XXXXX-XXXXX-XXXXX-XXXXX-XXXXX', 196, 'XXXXX-XXXXX-XXXXX-XXXXX-XXXXX', 1, 5, 10, 25, 87, 'นางสาวปัทมา ส่งหนุน', '2024-06-14 03:52:24'),
(333, '416-63-1388', 2563, 1, 8, 24, 1, 4, '3.70GHz.', 1, 4, 10, 29, 'XXXXX-XXXXX-XXXXX-XXXXX-XXXXX', 52, 'XXXXX-XXXXX-XXXXX-XXXXX-XXXXX', 1, 5, 10, 26, 94, 'ณัสรุท โกศาวัง', '2024-06-14 03:54:59'),
(334, '416-44-0016', 2544, 1, 11, 27, 1, 4, '3.70GHz.', 2, 6, 23, 83, 'XXXXX-XXXXX-XXXXX-XXXXX-XXXXX', 196, 'XXXXX-XXXXX-XXXXX-XXXXX-XXXXX', 1, 5, 10, 25, 90, 'นางสาวอิรัญญา สุวรรณสุข', '2024-06-14 03:57:40'),
(335, '416-51-0368', 2551, 1, 2, 2, 1, 2, '2.70GHz.', 1, 4, 13, 47, 'XXXXX-XXXXX-XXXXX-XXXXX-XXXXX', 98, 'XXXXX-XXXXX-XXXXX-XXXXX-XXXXX', 1, 6, 11, 28, 99, 'นายธนวัฒน์ จิระอรรถวรากุล', '2024-06-14 03:59:48'),
(336, '416-52-0540', 2552, 1, 2, 2, 1, 1, '3.90GHz.', 1, 4, 13, 46, 'XXXXX-XXXXX-XXXXX-XXXXX-XXXXX', 95, 'XXXXX-XXXXX-XXXXX-XXXXX-XXXXX', 1, 6, 11, 28, 99, 'นายกฤษดา จันทร์ละออ', '2024-06-14 12:23:07'),
(337, '416-59-0851', 2559, 1, 2, 2, 2, 20, '3.30GHz.', 1, 4, 15, 59, 'XXXXX-XXXXX-XXXXX-XXXXX-XXXXX', 135, 'XXXXX-XXXXX-XXXXX-XXXXX-XXXXX', 1, 6, 11, 28, 99, 'นางสาววรลักษณ์ เมธาจารย์', '2024-06-14 12:27:23'),
(338, '416-54-8797', 2554, 1, 10, 26, 1, 2, '2.70GHz.', 1, 4, 13, 47, 'XXXXX-XXXXX-XXXXX-XXXXX-XXXXX', 98, 'XXXXX-XXXXX-XXXXX-XXXXX-XXXXX', 1, 1, 6, 7, 18, 'นายอภิเชษฐ์ แต้บูรพา', '2024-06-14 12:31:27'),
(339, '416-50-0346', 2550, 1, 2, 2, 1, 4, '3.10GHz.', 2, 10, 35, 148, 'XXXXX-XXXXX-XXXXX-XXXXX-XXXXX', 375, 'XXXXX-XXXXX-XXXXX-XXXXX-XXXXX', 1, 7, 12, 37, 103, 'นางสาวกุลธิดา มังคลากุล', '2024-06-14 13:49:51'),
(340, '416-46-0189', 2546, 1, 11, 27, 1, 4, '3.70GHz.', 1, 4, 13, 44, 'XXXXX-XXXXX-XXXXX-XXXXX-XXXXX', 89, 'XXXXX-XXXXX-XXXXX-XXXXX-XXXXX', 1, 7, 12, 31, 106, 'นางสาวปุรัสมิ์ ปถาอนันวัฒน์', '2024-06-14 13:52:08'),
(341, '416-66-2289', 2566, 1, 2, 50, 1, 2, '2.90GHz.', 3, 11, 44, 214, 'XXXXX-XXXXX-XXXXX-XXXXX-XXXXX', 574, 'M7VJM-NHQRY-M4M7C-FJWB3-49CKM', 1, 3, 4, 18, 51, 'นายเมทาวี ชัยมงคล', '2024-06-16 00:43:48'),
(342, '416-66-2290', 2566, 1, 2, 50, 1, 2, '2.90GHz.', 3, 11, 44, 214, 'XXXXX-XXXXX-XXXXX-XXXXX-XXXXX', 574, 'M7VJM-NHQRY-M4M7C-FJWB3-49CKM', 2, 3, 4, 18, 51, 'นายสรัตชัย พรหมละ', '2024-06-16 00:45:40'),
(343, '416-66-2309', 2566, 1, 2, 50, 1, 2, '2.90GHz.', 3, 11, 44, 214, 'XXXXX-XXXXX-XXXXX-XXXXX-XXXXX', 574, 'M7VJM-NHQRY-M4M7C-FJWB3-49CKM', 1, 3, 3, 15, 43, 'นายจักรพันธ์ ฟูสนิท', '2024-06-16 00:53:37'),
(344, '416-66-2310', 2566, 1, 2, 50, 1, 2, '2.90GHz.', 3, 11, 44, 214, 'XXXXX-XXXXX-XXXXX-XXXXX-XXXXX', 574, 'M7VJM-NHQRY-M4M7C-FJWB3-49CKM', 1, 3, 3, 15, 43, 'นายวิศณุ ลาพิงค์', '2024-06-16 00:54:47'),
(345, '416-66-2311', 2566, 1, 2, 50, 1, 2, '4.00GHz', 3, 11, 44, 214, 'XXXXX-XXXXX-XXXXX-XXXXX-XXXXX', 574, 'M7VJM-NHQRY-M4M7C-FJWB3-49CKM', 1, 3, 3, 15, 43, 'นายพัฐสรร ศรีสวัสดิ์', '2024-06-16 01:10:38'),
(346, '416-66-2328', 2566, 1, 2, 58, 2, 9, '2.30GHz', 3, 11, 43, 208, 'XXXXX-XXXXX-XXXXX-XXXXX-XXXXX', 556, 'M7VJM-NHQRY-M4M7C-FJWB3-49CKM', 1, 8, 13, 38, 110, 'นางสาวนริศรา จำแม่น', '2024-06-16 01:29:48'),
(347, '416-66-2329', 2566, 1, 2, 58, 2, 9, '2.30GHz', 3, 11, 43, 208, 'XXXXX-XXXXX-XXXXX-XXXXX-XXXXX', 556, 'M7VJM-NHQRY-M4M7C-FJWB3-49CKM', 1, 8, 13, 38, 110, 'นางศุทธินี สู่ประเสริฐ', '2024-06-16 01:34:02'),
(348, '416-51-0373', 2551, 1, 16, 33, 1, 1, '3.50GHz.', 1, 4, 10, 29, 'XXXXX-XXXXX-XXXXX-XXXXX-XXXXX', 52, 'XXXXX-XXXXX-XXXXX-XXXXX-XXXXX', 3, 4, 9, 22, 75, 'งานระเบียบและสถิติการคลัง', '2024-06-16 18:16:38'),
(349, '416-51-0373', 2551, 1, 16, 33, 1, 1, '3.50GHz.', 2, 8, 25, 91, 'XXXXX-XXXXX-XXXXX-XXXXX-XXXXX', 212, 'XXXXX-XXXXX-XXXXX-XXXXX-XXXXX', 3, 4, 9, 22, 75, 'งานระเบียบและสถิติการคลัง', '2024-06-16 18:18:24'),
(350, '416-52-0619', 2552, 1, 8, 24, 1, 7, '2.83GHz.', 1, 2, 8, 21, 'XXXXX-XXXXX-XXXXX-XXXXX-XXXXX', 35, 'XXXXX-XXXXX-XXXXX-XXXXX-XXXXX', 1, 3, 4, 18, 51, 'นายมานพ อุดหมอ', '2024-06-16 18:30:37'),
(351, '416-60-1293', 2560, 1, 5, 20, 1, 2, '3.70GHz', 2, 10, 41, 196, 'XXXXX-XXXXX-XXXXX-XXXXX-XXXXX', 520, 'XXXXX-XXXXX-XXXXX-XXXXX-XXXXX', 1, 6, 11, 28, 98, 'นายธีรเดข แก้วเปี้ย', '2024-06-25 12:25:08'),
(352, '416-64-1778', 2564, 3, 25, 46, 1, 2, '3.00GHz', 2, 8, 29, 113, 'XXXXX-XXXXX-XXXXX-XXXXX-XXXXX', 270, 'XXXXX-XXXXX-XXXXX-XXXXX-XXXXX', 1, 2, 2, 11, 34, 'นายเสฏฐวุฒิ ปรางค์สุวรรณ', '2024-06-27 18:24:47'),
(353, '416-64-0113', 2564, 3, 25, 46, 1, 2, '3.00GHz', 2, 8, 29, 113, 'XXXXX-XXXXX-XXXXX-XXXXX-XXXXX', 270, 'XXXXX-XXXXX-XXXXX-XXXXX-XXXXX', 1, 2, 2, 11, 34, 'นายเสฏฐวุฒิ ปรางค์สุวรรณ', '2024-06-27 18:24:47'),
(354, '416-64-0114', 2564, 3, 25, 46, 1, 2, '3.00GHz', 2, 8, 29, 113, 'XXXXX-XXXXX-XXXXX-XXXXX-XXXXX', 270, 'XXXXX-XXXXX-XXXXX-XXXXX-XXXXX', 1, 2, 2, 11, 34, 'นายเสฏฐวุฒิ ปรางค์สุวรรณ', '2024-06-27 18:24:47'),
(355, '416-64-0115', 2564, 3, 25, 46, 1, 2, '3.00GHz', 2, 8, 29, 113, 'XXXXX-XXXXX-XXXXX-XXXXX-XXXXX', 270, 'XXXXX-XXXXX-XXXXX-XXXXX-XXXXX', 1, 2, 2, 11, 34, 'นายเสฏฐวุฒิ ปรางค์สุวรรณ', '2024-06-27 18:24:47'),
(356, '416-64-0116', 2564, 3, 25, 46, 1, 2, '3.00GHz', 2, 8, 29, 113, 'XXXXX-XXXXX-XXXXX-XXXXX-XXXXX', 270, 'XXXXX-XXXXX-XXXXX-XXXXX-XXXXX', 1, 2, 2, 11, 34, 'นายเสฏฐวุฒิ ปรางค์สุวรรณ', '2024-06-27 18:24:47'),
(357, '416-64-0129', 2564, 3, 25, 46, 1, 2, '2.40GHz', 1, 4, 13, 45, 'XXXXX-XXXXX-XXXXX-XXXXX-XXXXX', 92, 'XXXXX-XXXXX-XXXXX-XXXXX-XXXXX', 1, 2, 2, 11, 34, 'นายเสฏฐวุฒิ ปรางค์สุวรรณ', '2024-06-27 18:27:06'),
(358, '416-64-0130', 2564, 3, 25, 46, 1, 2, '2.40GHz', 1, 4, 13, 45, 'XXXXX-XXXXX-XXXXX-XXXXX-XXXXX', 92, 'XXXXX-XXXXX-XXXXX-XXXXX-XXXXX', 1, 2, 2, 11, 34, 'นายเสฏฐวุฒิ ปรางค์สุวรรณ', '2024-06-27 18:27:06'),
(359, '416-65-2082', 2565, 2, 19, 4, 1, 3, '2.90GHz', 2, 9, 40, 190, 'XXXXX-XXXXX-XXXXX-XXXXX-XXXXX', 502, 'XXXXX-XXXXX-XXXXX-XXXXX-XXXXX', 1, 9, 14, 41, 118, 'นายสุรพล ตันสุวรรณ', '2024-07-08 20:25:19'),
(360, '416-51-0400', 2551, 1, 3, 14, 1, 2, '2.70GHz', 1, 4, 15, 57, 'XXXXX-XXXXX-XXXXX-XXXXX-XXXXX', 128, 'XXXXX-XXXXX-XXXXX-XXXXX-XXXXX', 1, 9, 14, 41, 118, 'นายนนทวัชร์ แสงเจริญ', '2024-07-08 22:47:10'),
(361, '416-66-2247', 2566, 1, 2, 50, 1, 3, '2.90GHz', 3, 11, 44, 214, 'XXXXX-XXXXX-XXXXX-XXXXX-XXXXX', 574, 'XXXXX-XXXXX-XXXXX-XXXXX-XXXXX', 1, 9, 14, 41, 118, 'นายนพดล บุญมา', '2024-07-09 23:27:04'),
(362, '416-66-2323', 2566, 2, 19, 49, 1, 3, '2.90GHz', 2, 9, 40, 190, 'XXXXX-XXXXX-XXXXX-XXXXX-XXXXX', 502, 'M7VJM-NHQRY-M4M7C-FJWB3-49CKM', 1, 1, 6, 1, 1, 'นายสวาท จำปาอูป', '2024-07-10 00:23:43'),
(363, '416-65-2076', 2565, 2, 19, 4, 1, 2, '2.70GHz', 2, 9, 34, 145, 'XXXXX-XXXXX-XXXXX-XXXXX-XXXXX', 367, 'XXXXX-XXXXX-XXXXX-XXXXX-XXXXX', 1, 1, 6, 4, 9, 'นางสาววเลิศลักษณ์ ทรัพย์ทวีผล', '2024-07-10 02:04:59'),
(364, '416-65-2077', 2565, 2, 19, 4, 2, 9, '2.70GHz', 2, 9, 34, 145, 'XXXXX-XXXXX-XXXXX-XXXXX-XXXXX', 367, 'XXXXX-XXXXX-XXXXX-XXXXX-XXXXX', 1, 1, 6, 4, 9, 'นางสาววเลิศลักษณ์ ทรัพย์ทวีผล', '2024-07-10 02:06:47'),
(365, '416-65-2083', 2565, 2, 19, 4, 1, 2, '2.70GHz', 2, 9, 34, 145, 'XXXXX-XXXXX-XXXXX-XXXXX-XXXXX', 367, 'XXXXX-XXXXX-XXXXX-XXXXX-XXXXX', 1, 9, 14, 41, 118, 'นายรุ่ง ศรีโพธิ์', '2024-07-10 02:10:20'),
(366, '416-65-2066', 2565, 1, 2, 50, 1, 2, '2.70GHz', 1, 4, 15, 59, 'XXXXX-XXXXX-XXXXX-XXXXX-XXXXX', 135, 'XXXXX-XXXXX-XXXXX-XXXXX-XXXXX', 1, 1, 6, 4, 9, 'นางสาววเลิศลักษณ์ ทรัพย์ทวีผล', '2024-07-10 02:17:24'),
(367, '416-66-2385', 2566, 2, 19, 51, 1, 2, '2.70GHz', 3, 12, 65, 338, 'XXXXX-XXXXX-XXXXX-XXXXX-XXXXX', 975, 'M7VJM-NHQRY-M4M7C-FJWB3-49CKM', 1, 5, 10, 24, 85, 'นางสาวชุติการณ์ ทาเกษม', '2024-07-11 02:21:28'),
(368, '416-66-2229', 2566, 2, 21, 56, 1, 2, '1.70GHz', 3, 12, 66, 344, 'XXXXX-XXXXX-XXXXX-XXXXX-XXXXX', 993, 'XXXXX-XXXXX-XXXXX-XXXXX-XXXXX', 1, 6, 11, 28, 99, 'นางสุพรรณิการ์ ละฟู่', '2024-07-11 19:42:03'),
(369, '416-66-2221', 2566, 1, 1, 1, 1, 3, '4.90GHz', 2, 9, 34, 145, 'XXXXX-XXXXX-XXXXX-XXXXX-XXXXX', 367, 'XXXXX-XXXXX-XXXXX-XXXXX-XXXXX', 1, 2, 7, 8, 128, 'นายนิติรัฐ จวงพลงาม', '2024-07-11 20:49:07'),
(370, '416-66-2222', 2566, 1, 1, 1, 1, 3, '4.90GHz', 2, 9, 34, 145, 'XXXXX-XXXXX-XXXXX-XXXXX-XXXXX', 367, 'XXXXX-XXXXX-XXXXX-XXXXX-XXXXX', 1, 2, 7, 8, 128, 'นายนิติรัฐ จวงพลงาม', '2024-07-11 20:50:51'),
(371, '416-66-2223', 2566, 1, 1, 1, 1, 1, '4.30GHz', 2, 8, 29, 115, 'XXXXX-XXXXX-XXXXX-XXXXX-XXXXX', 277, 'XXXXX-XXXXX-XXXXX-XXXXX-XXXXX', 1, 2, 7, 8, 128, 'นายนิติรัฐ จวงพลงาม', '2024-07-11 20:52:20'),
(372, '416-66-2224', 2566, 1, 1, 1, 1, 1, '4.30GHz', 2, 8, 29, 115, 'XXXXX-XXXXX-XXXXX-XXXXX-XXXXX', 277, 'XXXXX-XXXXX-XXXXX-XXXXX-XXXXX', 1, 2, 7, 8, 128, 'นายนิติรัฐ จวงพลงาม', '2024-07-11 20:53:16'),
(373, '416-66-2255', 2566, 1, 4, 52, 2, 10, '2.10GHz', 2, 9, 34, 145, 'XXXXX-XXXXX-XXXXX-XXXXX-XXXXX', 367, 'XXXXX-XXXXX-XXXXX-XXXXX-XXXXX', 1, 2, 2, 11, 34, 'นายเสฏฐวุฒิ ปรางค์สุวรรณ', '2024-07-11 20:57:20'),
(374, '416-66-2256', 2566, 1, 4, 52, 2, 10, '2.10GHz', 2, 9, 34, 145, 'XXXXX-XXXXX-XXXXX-XXXXX-XXXXX', 367, 'XXXXX-XXXXX-XXXXX-XXXXX-XXXXX', 1, 2, 2, 11, 34, 'นายเสฏฐวุฒิ ปรางค์สุวรรณ', '2024-07-11 20:58:21'),
(375, '416-66-2257', 2566, 1, 4, 52, 2, 10, '2.10GHz', 2, 9, 34, 145, 'XXXXX-XXXXX-XXXXX-XXXXX-XXXXX', 367, 'XXXXX-XXXXX-XXXXX-XXXXX-XXXXX', 1, 2, 2, 11, 34, 'นายเสฏฐวุฒิ ปรางค์สุวรรณ', '2024-07-11 20:59:21'),
(376, '416-66-2258', 2566, 1, 4, 52, 2, 10, '2.10GHz', 2, 9, 34, 145, 'XXXXX-XXXXX-XXXXX-XXXXX-XXXXX', 367, 'XXXXX-XXXXX-XXXXX-XXXXX-XXXXX', 1, 2, 2, 11, 34, 'นายเสฏฐวุฒิ ปรางค์สุวรรณ', '2024-07-11 21:00:09'),
(377, '416-65-1945', 2566, 2, 19, 54, 2, 9, '2.60GHz', 3, 13, 68, 356, 'XXXXX-XXXXX-XXXXX-XXXXX-XXXXX', 1029, 'XXXXX-XXXXX-XXXXX-XXXXX-XXXXX', 1, 2, 7, 8, 128, 'นายนิติรัฐ จวงพลงาม', '2024-07-11 21:10:00'),
(378, '416-65-2033', 2565, 1, 2, 55, 1, 3, '2.90GHz', 2, 9, 34, 145, 'XXXXX-XXXXX-XXXXX-XXXXX-XXXXX', 367, 'XXXXX-XXXXX-XXXXX-XXXXX-XXXXX', 1, 3, 4, 18, 51, 'นายณรงค์ ภาพเมืองมูล', '2024-07-11 21:14:07'),
(379, '416-65-2005', 2565, 1, 2, 55, 1, 1, '3.60GHz', 1, 4, 15, 59, 'XXXXX-XXXXX-XXXXX-XXXXX-XXXXX', 135, 'XXXXX-XXXXX-XXXXX-XXXXX-XXXXX', 1, 3, 3, 15, 43, 'นางสาวฤทัยรัตน์ สุทธิพงศ์', '2024-07-11 21:22:11'),
(380, '416-65-2001', 2565, 1, 2, 55, 1, 1, '3.60GHz', 1, 4, 15, 59, 'XXXXX-XXXXX-XXXXX-XXXXX-XXXXX', 135, 'XXXXX-XXXXX-XXXXX-XXXXX-XXXXX', 1, 3, 8, 14, 40, 'นางสาวนุชศรา ฝั่นแก้ว', '2024-07-11 21:24:14'),
(381, '416-65-2013', 2565, 1, 2, 55, 1, 1, '3.60GHz', 1, 4, 15, 59, 'XXXXX-XXXXX-XXXXX-XXXXX-XXXXX', 135, 'XXXXX-XXXXX-XXXXX-XXXXX-XXXXX', 1, 3, 5, 42, 65, 'นางอุษณีพร โตะนะโพธิ์', '2024-07-11 21:26:17'),
(382, '416-65-2025', 2565, 1, 2, 55, 1, 3, '4.90GHz', 2, 9, 34, 145, 'XXXXX-XXXXX-XXXXX-XXXXX-XXXXX', 367, 'XXXXX-XXXXX-XXXXX-XXXXX-XXXXX', 1, 3, 5, 42, 65, 'นางอุษณีพร โตะนะโพธิ์', '2024-07-11 21:27:39'),
(383, '416-65-1849', 2565, 2, 19, 54, 2, 9, '2.30GHz', 3, 13, 68, 356, 'XXXXX-XXXXX-XXXXX-XXXXX-XXXXX', 1029, 'XXXXX-XXXXX-XXXXX-XXXXX-XXXXX', 1, 4, 9, 23, 83, 'นางสาวทิฆัมพร จ่อแก้ว', '2024-07-11 21:40:42'),
(384, '416-65-1850', 2565, 2, 19, 54, 2, 9, '2.30GHz', 3, 13, 68, 356, 'XXXXX-XXXXX-XXXXX-XXXXX-XXXXX', 1029, 'XXXXX-XXXXX-XXXXX-XXXXX-XXXXX', 1, 4, 9, 23, 78, 'นางสาวจิราพร เหมยน้อย', '2024-07-11 21:42:59'),
(385, '416-65-1851', 2565, 2, 19, 54, 2, 9, '2.30GHz', 3, 13, 68, 356, 'XXXXX-XXXXX-XXXXX-XXXXX-XXXXX', 1029, 'XXXXX-XXXXX-XXXXX-XXXXX-XXXXX', 1, 4, 9, 22, 75, 'งานระเบียบสถิติ', '2024-07-11 21:49:51'),
(386, '416-65-1944', 2565, 2, 19, 54, 2, 9, '2.30GHz', 3, 13, 68, 356, 'XXXXX-XXXXX-XXXXX-XXXXX-XXXXX', 1029, 'XXXXX-XXXXX-XXXXX-XXXXX-XXXXX', 1, 2, 7, 8, 20, 'นายนิติรัฐ จวงพลงาม', '2024-07-14 02:21:22'),
(387, '416-65-2125', 2565, 1, 2, 55, 1, 1, '3.70GHz', 3, 12, 65, 338, 'XXXXX-XXXXX-XXXXX-XXXXX-XXXXX', 975, 'XXXXX-XXXXX-XXXXX-XXXXX-XXXXX', 1, 2, 2, 11, 33, 'นายนิติรัฐ จวงพลงาม', '2024-07-14 02:27:56'),
(388, '416-65-2127', 2565, 1, 2, 55, 1, 1, '3.70GHz', 3, 12, 65, 338, 'XXXXX-XXXXX-XXXXX-XXXXX-XXXXX', 975, 'XXXXX-XXXXX-XXXXX-XXXXX-XXXXX', 1, 2, 2, 11, 33, 'นายนิติรัฐ จวงพลงาม', '2024-07-14 02:29:14'),
(389, '416-65-2129', 2565, 1, 2, 55, 1, 1, '2.30GHz', 3, 12, 65, 338, 'XXXXX-XXXXX-XXXXX-XXXXX-XXXXX', 975, 'XXXXX-XXXXX-XXXXX-XXXXX-XXXXX', 1, 2, 2, 11, 33, 'นายนิติรัฐ จวงพลงาม', '2024-07-14 02:34:26'),
(390, '416-65-2131', 2565, 1, 2, 55, 1, 1, '2.30GHz', 3, 12, 65, 338, 'XXXXX-XXXXX-XXXXX-XXXXX-XXXXX', 975, 'XXXXX-XXXXX-XXXXX-XXXXX-XXXXX', 1, 2, 2, 11, 33, 'นายนิติรัฐ จวงพลงาม', '2024-07-14 02:39:07'),
(391, '416-65-2133', 2565, 1, 2, 55, 1, 1, '2.30GHz', 3, 12, 65, 338, 'XXXXX-XXXXX-XXXXX-XXXXX-XXXXX', 975, 'XXXXX-XXXXX-XXXXX-XXXXX-XXXXX', 1, 2, 2, 11, 33, 'นายนิติรัฐ จวงพลงาม', '2024-07-14 02:40:22'),
(392, '416-65-2135', 2565, 1, 2, 55, 1, 1, '2.30GHz', 3, 12, 65, 338, 'XXXXX-XXXXX-XXXXX-XXXXX-XXXXX', 975, 'XXXXX-XXXXX-XXXXX-XXXXX-XXXXX', 1, 2, 2, 11, 33, 'นายนิติรัฐ จวงพลงาม', '2024-07-14 02:42:20'),
(393, '416-65-2137', 2565, 1, 2, 55, 1, 1, '2.30GHz', 3, 12, 65, 338, 'XXXXX-XXXXX-XXXXX-XXXXX-XXXXX', 975, 'XXXXX-XXXXX-XXXXX-XXXXX-XXXXX', 1, 2, 2, 11, 33, 'นายนิติรัฐ จวงพลงาม', '2024-07-14 02:43:16'),
(394, '416-65-2139', 2565, 1, 2, 55, 1, 1, '2.30GHz', 3, 12, 65, 338, 'XXXXX-XXXXX-XXXXX-XXXXX-XXXXX', 975, 'XXXXX-XXXXX-XXXXX-XXXXX-XXXXX', 1, 2, 2, 11, 33, 'นายนิติรัฐ จวงพลงาม', '2024-07-14 02:44:10'),
(395, '416-65-2141', 2565, 1, 2, 55, 1, 1, '2.30GHz', 3, 12, 65, 338, 'XXXXX-XXXXX-XXXXX-XXXXX-XXXXX', 975, 'XXXXX-XXXXX-XXXXX-XXXXX-XXXXX', 1, 2, 2, 11, 33, 'นายนิติรัฐ จวงพลงาม', '2024-07-14 02:45:49'),
(396, '416-65-2143', 2565, 1, 2, 55, 1, 1, '2.30GHz', 3, 12, 65, 338, 'XXXXX-XXXXX-XXXXX-XXXXX-XXXXX', 975, 'XXXXX-XXXXX-XXXXX-XXXXX-XXXXX', 1, 2, 2, 11, 33, 'นายนิติรัฐ จวงพลงาม', '2024-07-14 02:57:14'),
(397, '416-66-2275', 2566, 1, 3, 53, 1, 2, '3.60GHz', 3, 13, 68, 356, 'XXXXX-XXXXX-XXXXX-XXXXX-XXXXX', 1029, 'XXXXX-XXXXX-XXXXX-XXXXX-XXXXX', 1, 2, 2, 12, 35, 'นายไพศาล หวังใจ', '2024-07-14 03:24:13'),
(398, '416-66-2276', 2566, 1, 3, 53, 1, 2, '3.60GHz', 3, 13, 68, 356, 'XXXXX-XXXXX-XXXXX-XXXXX-XXXXX', 1029, 'XXXXX-XXXXX-XXXXX-XXXXX-XXXXX', 1, 2, 1, 9, 27, 'นางสาว ขนิษฐา ดวงแก้ว', '2024-07-14 03:30:13'),
(399, '416-66-2277', 2566, 1, 3, 53, 1, 2, '3.60GHz', 3, 13, 68, 356, 'XXXXX-XXXXX-XXXXX-XXXXX-XXXXX', 1029, 'XXXXX-XXXXX-XXXXX-XXXXX-XXXXX', 1, 2, 1, 9, 27, 'นางสาววิริศนันท์ กองเขียว', '2024-07-14 03:32:05'),
(400, '416-66-2278', 2566, 1, 3, 53, 1, 2, '3.60GHz', 3, 13, 68, 356, 'XXXXX-XXXXX-XXXXX-XXXXX-XXXXX', 1029, 'XXXXX-XXXXX-XXXXX-XXXXX-XXXXX', 1, 2, 1, 9, 27, 'นางสาวอัญชิสา พันธ์ชัย', '2024-07-14 03:34:35'),
(401, '416-65-1958', 2565, 2, 19, 4, 2, 9, '3.60GHz', 3, 12, 65, 338, 'XXXXX-XXXXX-XXXXX-XXXXX-XXXXX', 975, 'K8WQN-HYFY2-7T4VY-XDTC6-3V66P', 1, 6, 11, 28, 99, 'นายเฉลิมเกียรติ ไชยแก้ว', '2024-07-14 03:53:44'),
(402, '416-65-1956', 2565, 2, 19, 4, 2, 9, '3.60GHz', 3, 12, 65, 338, 'XXXXX-XXXXX-XXXXX-XXXXX-XXXXX', 975, 'RYTH3-JN2KV-KVDPP-3JD8V-7QWXC', 1, 6, 11, 28, 98, 'นายณัฐพล พงศ์สีรินทร์', '2024-07-14 20:32:01'),
(403, '416-65-1957', 2565, 2, 19, 4, 2, 9, '3.60GHz', 3, 12, 65, 338, 'XXXXX-XXXXX-XXXXX-XXXXX-XXXXX', 975, 'XXXXX-XXXXX-XXXXX-XXXXX-XXXXX', 1, 6, 11, 28, 149, 'นางสาวญาดา ณ วงศ์จันทร์', '2024-07-14 20:37:30'),
(404, '416-39-0015', 2539, 1, 7, 23, 1, 1, '3.50GHz.', 1, 4, 13, 45, 'XXXXX-XXXXX-XXXXX-XXXXX-XXXXX', 93, 'XXXXX-XXXXX-XXXXX-XXXXX-XXXXX', 1, 4, 9, 22, 77, 'นางสาวชัญญานุช ทองคำ', '2024-05-29 03:56:54'),
(405, '416-65-1959', 2565, 2, 19, 4, 2, 9, '3.60GHz', 3, 12, 65, 338, 'XXXXX-XXXXX-XXXXX-XXXXX-XXXXX', 975, 'XXXXX-XXXXX-XXXXX-XXXXX-XXXXX', 1, 6, 11, 28, 99, 'นางสนันต์ชินา วงศ์ลาวัลย์', '2024-07-14 20:39:04'),
(406, '416-64-1783', 2564, 3, 25, 56, 1, 2, '2.60GHz', 1, 4, 13, 45, 'XXXXX-XXXXX-XXXXX-XXXXX-XXXXX', 92, 'XXXXX-XXXXX-XXXXX-XXXXX-XXXXX', 1, 2, 2, 11, 34, 'นางสาวณัฎฐนิช ฉัตรแสง', '2024-08-02 02:48:52'),
(407, '416-64-1787', 2564, 3, 26, 57, 1, 2, '2.90GHz', 1, 4, 15, 57, 'XXXXX-XXXXX-XXXXX-XXXXX-XXXXX', 128, 'XXXXX-XXXXX-XXXXX-XXXXX-XXXXX', 1, 2, 2, 11, 34, 'นายเสฏฐวุฒิ ปรางค์สุวรรณ', '2024-08-02 02:50:24'),
(408, '416-64-1781', 2564, 3, 26, 57, 1, 2, '2.90GHz', 1, 4, 15, 57, 'XXXXX-XXXXX-XXXXX-XXXXX-XXXXX', 128, 'XXXXX-XXXXX-XXXXX-XXXXX-XXXXX', 1, 2, 2, 11, 34, 'นายเสฏฐวุฒิ ปรางค์สุวรรณ', '2024-08-02 02:52:33'),
(409, '416-64-0123', 2564, 3, 26, 57, 1, 2, '2.90GHz', 1, 4, 15, 57, 'XXXXX-XXXXX-XXXXX-XXXXX-XXXXX', 128, 'XXXXX-XXXXX-XXXXX-XXXXX-XXXXX', 1, 2, 2, 11, 34, 'นายเสฏฐวุฒิ ปรางค์สุวรรณ', '2024-08-02 02:53:38'),
(410, '416-66-0000', 2566, 1, 1, 41, 2, 10, '4.00GHz', 3, 11, 44, 214, 'XXXXX-XXXXX-XXXXX-XXXXX-XXXXX', 574, 'XXXXX-XXXXX-XXXXX-XXXXX-XXXXX', 1, 4, 9, 23, 80, 'นางสาวนาคอนงค์ จินะการ', '2024-10-25 04:39:45'),
(411, '416-66-0000', 2566, 1, 1, 41, 2, 10, '2.90GHz', 1, 4, 17, 71, 'XXXXX-XXXXX-XXXXX-XXXXX-XXXXX', 171, 'M7VJM-NHQRY-M4M7C-FJWB3-49CKM', 1, 4, 9, 21, 72, 'นางสาวรุ่งธิวา จันทร์ตา', '2024-10-31 08:17:05'),
(412, '416-66-0000', 2566, 1, 1, 41, 2, 10, '2.70GHz', 1, 4, 17, 71, 'XXXXX-XXXXX-XXXXX-XXXXX-XXXXX', 171, 'M7VJM-NHQRY-M4M7C-FJWB3-49CKM', 1, 4, 9, 23, 84, 'นางสุนารี ทรายมูล', '2024-10-31 08:21:11'),
(413, '416-66-0000', 2566, 1, 1, 41, 2, 10, '2.70GHz', 1, 4, 17, 71, 'XXXXX-XXXXX-XXXXX-XXXXX-XXXXX', 171, 'M7VJM-NHQRY-M4M7C-FJWB3-49CKM', 1, 4, 9, 23, 82, 'นางกนกวรรณ ลออวรากุล', '2024-10-31 08:23:50'),
(414, '416-66-2424', 2566, 1, 1, 41, 2, 10, '2.70GHz', 1, 4, 17, 71, 'XXXXX-XXXXX-XXXXX-XXXXX-XXXXX', 171, 'M7VJM-NHQRY-M4M7C-FJWB3-49CKM', 1, 4, 9, 23, 78, 'นางสาวปาริชาติ เงินสม', '2024-10-31 08:28:39'),
(415, '416-66-0000', 2566, 1, 1, 41, 2, 10, '2.70GHz', 1, 4, 17, 71, 'XXXXX-XXXXX-XXXXX-XXXXX-XXXXX', 171, 'M7VJM-NHQRY-M4M7C-FJWB3-49CKM', 1, 4, 9, 23, 78, 'นางสาวจิราพร เหมยน้อย', '2024-10-31 08:30:30'),
(416, '416-66-0000', 2566, 1, 2, 50, 2, 9, '2.70GHz', 1, 4, 15, 59, 'XXXXX-XXXXX-XXXXX-XXXXX-XXXXX', 135, 'M7VJM-NHQRY-M4M7C-FJWB3-49CKM', 1, 5, 10, 26, 94, 'นางสาวณัฐรุจา โกศาวัง', '2024-10-31 08:45:48'),
(417, '416-66-0000', 2566, 2, 19, 51, 1, 2, '4.00GHz', 3, 12, 65, 338, 'XXXXX-XXXXX-XXXXX-XXXXX-XXXXX', 975, 'M7VJM-NHQRY-M4M7C-FJWB3-49CKM', 1, 5, 10, 24, 85, 'นางสาวนันทิดา คำแก้ว', '2024-10-31 09:03:36'),
(418, '416-66-2413', 2566, 1, 1, 41, 2, 10, '4.00GHz', 1, 4, 17, 71, 'XXXXX-XXXXX-XXXXX-XXXXX-XXXXX', 171, 'M7VJM-NHQRY-M4M7C-FJWB3-49CKM', 1, 4, 9, 22, 74, 'นางสาวปิยะพร บุศย์สุข', '2024-10-31 09:07:22'),
(419, '416-67-2469', 2567, 2, 19, 4, 1, 2, '2.40GHz', 2, 8, 33, 139, 'XXXXX-XXXXX-XXXXX-XXXXX-XXXXX', 349, 'XXXXX-XXXXX-XXXXX-XXXXX-XXXXX', 1, 1, 6, 1, 2, 'งานสารบรรณ', '2025-06-30 04:04:11'),
(420, '416-67-2457', 2567, 1, 1, 41, 2, 9, '4.00GHz', 3, 12, 65, 338, 'XXXXX-XXXXX-XXXXX-XXXXX-XXXXX', 975, 'XXXXX-XXXXX-XXXXX-XXXXX-XXXXX', 1, 1, 6, 1, 2, 'งานสารบรรณ', '2025-06-30 04:12:13'),
(421, '416-67-2458', 2567, 1, 1, 41, 2, 9, '4.00GHz', 3, 12, 65, 338, 'XXXXX-XXXXX-XXXXX-XXXXX-XXXXX', 975, 'XXXXX-XXXXX-XXXXX-XXXXX-XXXXX', 1, 1, 6, 4, 11, 'งานเลขานุการผู้บริหารและรัฐพิธี', '2025-06-30 04:14:07'),
(422, '416-67-2459', 2567, 1, 1, 41, 2, 9, '3.90GHz', 3, 13, 68, 356, 'XXXXX-XXXXX-XXXXX-XXXXX-XXXXX', 1029, 'XXXXX-XXXXX-XXXXX-XXXXX-XXXXX', 1, 1, 6, 1, 1, 'งานธุรการ', '2025-06-30 04:15:22'),
(423, '416-67-2460', 2567, 1, 1, 41, 2, 9, '3.90GHz', 3, 13, 68, 356, 'XXXXX-XXXXX-XXXXX-XXXXX-XXXXX', 1029, 'XXXXX-XXXXX-XXXXX-XXXXX-XXXXX', 1, 1, 6, 1, 1, 'งานธุรการ', '2025-06-30 04:16:41'),
(424, '416-67-2461', 2567, 1, 1, 41, 2, 9, '3.90GHz', 3, 13, 68, 356, 'XXXXX-XXXXX-XXXXX-XXXXX-XXXXX', 1029, 'XXXXX-XXXXX-XXXXX-XXXXX-XXXXX', 1, 1, 6, 1, 1, 'งานธุรการ', '2025-06-30 04:17:40'),
(425, '416-67-2462', 2567, 1, 1, 41, 2, 9, '3.90GHz', 3, 13, 68, 356, 'XXXXX-XXXXX-XXXXX-XXXXX-XXXXX', 1029, 'XXXXX-XXXXX-XXXXX-XXXXX-XXXXX', 1, 1, 6, 1, 1, 'งานธุรการ', '2025-06-30 04:25:53'),
(426, '416-67-2473', 2567, 1, 2, 50, 1, 1, '3.70GHz', 3, 11, 43, 208, 'XXXXX-XXXXX-XXXXX-XXXXX-XXXXX', 556, 'XXXXX-XXXXX-XXXXX-XXXXX-XXXXX', 1, 1, 6, 1, 1, 'งานธุรการ', '2025-06-30 04:31:01'),
(427, '416-67-2464', 2567, 1, 1, 41, 2, 9, '3.90GHz', 3, 13, 68, 356, 'XXXXX-XXXXX-XXXXX-XXXXX-XXXXX', 1029, 'XXXXX-XXXXX-XXXXX-XXXXX-XXXXX', 1, 1, 6, 5, 12, 'งานทะเบียนราษฎร', '2025-06-30 04:40:41'),
(428, '416-67-2465', 2567, 1, 1, 41, 2, 9, '3.90GHz', 3, 13, 68, 356, 'XXXXX-XXXXX-XXXXX-XXXXX-XXXXX', 1029, 'XXXXX-XXXXX-XXXXX-XXXXX-XXXXX', 1, 1, 6, 5, 12, 'งานทะเบียนราษฎร', '2025-06-30 04:47:14'),
(429, '416-67-2466', 2567, 1, 1, 41, 2, 9, '3.90GHz', 3, 13, 68, 356, 'XXXXX-XXXXX-XXXXX-XXXXX-XXXXX', 1029, 'XXXXX-XXXXX-XXXXX-XXXXX-XXXXX', 1, 1, 6, 5, 12, 'งานทะเบียนราษฎร', '2025-06-30 04:49:04'),
(430, '416-67-2467', 2567, 1, 1, 41, 2, 10, '4.20GHz', 3, 13, 68, 356, 'XXXXX-XXXXX-XXXXX-XXXXX-XXXXX', 1029, 'XXXXX-XXXXX-XXXXX-XXXXX-XXXXX', 1, 1, 6, 1, 3, 'งานรับเรื่องราวร้องทุกข์', '2025-06-30 04:50:16'),
(431, '416-67-2468', 2567, 1, 1, 41, 2, 10, '4.20GHz', 3, 13, 68, 356, 'XXXXX-XXXXX-XXXXX-XXXXX-XXXXX', 1029, 'XXXXX-XXXXX-XXXXX-XXXXX-XXXXX', 1, 1, 6, 7, 19, 'งานบังคับคดี', '2025-06-30 04:52:31'),
(432, '416-67-2463', 2567, 1, 1, 41, 2, 9, '3.90GHz', 3, 13, 68, 356, 'XXXXX-XXXXX-XXXXX-XXXXX-XXXXX', 1029, 'XXXXX-XXXXX-XXXXX-XXXXX-XXXXX', 1, 1, 6, 1, 1, 'งานธุรการ', '2025-06-30 08:05:39'),
(433, '416-66-2331', 2566, 1, 2, 58, 2, 9, '2.30GHz', 3, 11, 43, 208, 'XXXXX-XXXXX-XXXXX-XXXXX-XXXXX', 556, 'XXXXX-XXXXX-XXXXX-XXXXX-XXXXX', 1, 8, 13, 38, 167, 'นางสาววัชราภรณ์ เสถียรลัคนากุล', '2025-07-07 04:50:44'),
(434, '416-66-2333', 2566, 1, 2, 58, 2, 9, '2.30GHz', 3, 11, 43, 208, 'XXXXX-XXXXX-XXXXX-XXXXX-XXXXX', 556, 'XXXXX-XXXXX-XXXXX-XXXXX-XXXXX', 1, 8, 13, 38, 110, 'งานบริหารทั่วไป', '2025-07-07 06:33:36'),
(435, '416-66-2327', 2566, 1, 2, 58, 2, 9, '2.30GHz', 3, 11, 43, 208, 'XXXXX-XXXXX-XXXXX-XXXXX-XXXXX', 556, 'XXXXX-XXXXX-XXXXX-XXXXX-XXXXX', 1, 8, 13, 38, 167, 'งานบริหารทั่วไป', '2025-07-07 06:49:04'),
(436, '416-66-2323', 2566, 1, 2, 2, 1, 3, '4.20GHz', 3, 11, 44, 214, 'XXXXX-XXXXX-XXXXX-XXXXX-XXXXX', 574, 'XXXXX-XXXXX-XXXXX-XXXXX-XXXXX', 1, 7, 12, 31, 106, 'งานบริหารทั่วไปเกี่ยวกับสร้างความเข้มแข็งของชุมชน', '2025-07-07 09:01:26'),
(437, '416-67-2519', 2567, 1, 1, 41, 2, 9, '3.90GHz', 3, 13, 68, 356, 'XXXXX-XXXXX-XXXXX-XXXXX-XXXXX', 1029, 'XXXXX-XXXXX-XXXXX-XXXXX-XXXXX', 1, 7, 12, 37, 103, 'งานธุรการ', '2025-07-08 04:56:39'),
(438, '416-67-2524', 2567, 1, 1, 41, 2, 9, '3.90GHz', 3, 13, 68, 356, 'XXXXX-XXXXX-XXXXX-XXXXX-XXXXX', 1029, 'XXXXX-XXXXX-XXXXX-XXXXX-XXXXX', 1, 7, 12, 37, 103, 'งานธุรการ', '2025-07-08 06:10:19'),
(439, '416-67-2525', 2567, 1, 2, 58, 2, 9, '2.30GHz', 3, 11, 43, 208, 'XXXXX-XXXXX-XXXXX-XXXXX-XXXXX', 556, 'XXXXX-XXXXX-XXXXX-XXXXX-XXXXX', 1, 7, 12, 31, 106, 'ฝ่ายพัฒนาชุมชน', '2025-07-08 06:13:34'),
(440, '416-67-2533', 2567, 1, 2, 58, 2, 9, '2.30GHz', 3, 11, 43, 208, 'XXXXX-XXXXX-XXXXX-XXXXX-XXXXX', 556, 'XXXXX-XXXXX-XXXXX-XXXXX-XXXXX', 1, 7, 12, 30, 104, 'ฝ่่ายสังคมสงเคราะห์', '2025-07-08 06:17:33'),
(441, '416-67-2534', 2567, 1, 2, 58, 2, 9, '2.30GHz', 3, 11, 43, 208, 'XXXXX-XXXXX-XXXXX-XXXXX-XXXXX', 556, 'XXXXX-XXXXX-XXXXX-XXXXX-XXXXX', 1, 7, 12, 30, 104, 'ฝ่่ายสังคมสงเคราะห์', '2025-07-08 06:55:49'),
(442, '416-67-2535', 2567, 1, 2, 58, 2, 9, '2.30GHz', 3, 11, 43, 208, 'XXXXX-XXXXX-XXXXX-XXXXX-XXXXX', 556, 'XXXXX-XXXXX-XXXXX-XXXXX-XXXXX', 1, 7, 12, 30, 104, 'ฝ่่ายสังคมสงเคราะห์', '2025-07-08 06:57:04'),
(443, '416-67-2536', 2567, 1, 2, 58, 2, 9, '2.30GHz', 3, 11, 43, 208, 'XXXXX-XXXXX-XXXXX-XXXXX-XXXXX', 556, 'XXXXX-XXXXX-XXXXX-XXXXX-XXXXX', 1, 7, 12, 30, 104, 'ฝ่่ายสังคมสงเคราะห์', '2025-07-08 07:53:28'),
(444, '416-67-2537', 2567, 1, 2, 58, 2, 9, '2.30GHz', 3, 11, 43, 208, 'XXXXX-XXXXX-XXXXX-XXXXX-XXXXX', 556, 'XXXXX-XXXXX-XXXXX-XXXXX-XXXXX', 1, 7, 12, 30, 104, 'ฝ่่ายสังคมสงเคราะห์', '2025-07-08 07:56:01'),
(445, '416-67-2538', 2567, 1, 1, 41, 2, 9, '3.90GHz', 3, 13, 68, 356, 'XXXXX-XXXXX-XXXXX-XXXXX-XXXXX', 1029, 'XXXXX-XXXXX-XXXXX-XXXXX-XXXXX', 1, 7, 12, 30, 104, 'ฝ่่ายสังคมสงเคราะห์', '2025-07-08 07:58:03'),
(446, '416-67-2539', 2567, 1, 1, 41, 2, 9, '3.90GHz', 3, 13, 68, 356, 'XXXXX-XXXXX-XXXXX-XXXXX-XXXXX', 1029, 'XXXXX-XXXXX-XXXXX-XXXXX-XXXXX', 1, 7, 12, 30, 104, 'ฝ่่ายสังคมสงเคราะห์', '2025-07-08 07:59:11'),
(447, '416-67-2622', 2567, 1, 1, 41, 2, 0, '3.90GHz', 3, 13, 68, 356, 'XXXXX-XXXXX-XXXXX-XXXXX-XXXXX', 1029, 'XXXXX-XXXXX-XXXXX-XXXXX-XXXXX', 1, 2, 7, 46, 161, 'สำนักการศึกษา', '2025-07-09 03:56:20'),
(448, '416-67-2655', 2567, 1, 1, 41, 2, 9, '4.00GHz', 3, 12, 65, 338, 'XXXXX-XXXXX-XXXXX-XXXXX-XXXXX', 975, 'XXXXX-XXXXX-XXXXX-XXXXX-XXXXX', 1, 2, 7, 46, 161, 'สำนักการศึกษา', '2025-07-09 04:15:10'),
(449, '416-67-2627', 2567, 1, 1, 41, 2, 9, '4.00GHz', 3, 12, 65, 338, 'XXXXX-XXXXX-XXXXX-XXXXX-XXXXX', 975, 'XXXXX-XXXXX-XXXXX-XXXXX-XXXXX', 1, 2, 7, 46, 161, 'สำนักการศึกษา', '2025-07-09 04:25:42'),
(450, '416-67-2627', 2567, 1, 1, 41, 2, 9, '4.00GHz', 3, 12, 65, 338, 'XXXXX-XXXXX-XXXXX-XXXXX-XXXXX', 975, 'XXXXX-XXXXX-XXXXX-XXXXX-XXXXX', 1, 2, 7, 46, 161, 'สำนักการศึกษา', '2025-07-09 04:28:29'),
(451, '416-67-2662', 2567, 1, 1, 41, 2, 9, '4.00GHz', 3, 12, 65, 338, 'XXXXX-XXXXX-XXXXX-XXXXX-XXXXX', 975, 'XXXXX-XXXXX-XXXXX-XXXXX-XXXXX', 1, 2, 7, 46, 0, 'สำนักการศึกษา', '2025-07-09 04:29:35'),
(452, '416-66-2473', 2566, 2, 19, 59, 1, 2, '4.40GHz', 3, 12, 65, 338, 'XXXXX-XXXXX-XXXXX-XXXXX-XXXXX', 975, 'XXXXX-XXXXX-XXXXX-XXXXX-XXXXX', 1, 2, 2, 12, 36, 'นางสาวเบญจมาภรณ์ ปัญญา', '2025-07-09 06:25:27'),
(453, '416-66-2275', 2566, 1, 3, 53, 1, 3, '5.2GHz', 3, 12, 65, 338, 'XXXXX-XXXXX-XXXXX-XXXXX-XXXXX', 975, 'XXXXX-XXXXX-XXXXX-XXXXX-XXXXX', 1, 2, 7, 46, 161, 'สำนักการศึกษา', '2025-07-09 06:36:03'),
(454, '416-66-2273', 2566, 1, 3, 53, 1, 3, '5.2GHz', 3, 12, 65, 338, 'XXXXX-XXXXX-XXXXX-XXXXX-XXXXX', 975, 'XXXXX-XXXXX-XXXXX-XXXXX-XXXXX', 1, 2, 7, 46, 161, 'สำนักการศึกษา', '2025-07-09 06:37:46'),
(455, '416-66-2271', 2566, 1, 3, 53, 1, 3, '5.20GHz', 3, 12, 65, 338, 'XXXXX-XXXXX-XXXXX-XXXXX-XXXXX', 975, 'XXXXX-XXXXX-XXXXX-XXXXX-XXXXX', 1, 2, 1, 51, 168, 'สำนักการศึกษา', '2025-07-09 06:41:19'),
(456, '416-66-2221', 2566, 1, 1, 1, 1, 3, '4.90GHz', 2, 9, 34, 145, 'XXXXX-XXXXX-XXXXX-XXXXX-XXXXX', 367, 'XXXXX-XXXXX-XXXXX-XXXXX-XXXXX', 1, 2, 7, 46, 161, 'สำนักการศึกษา', '2025-07-09 07:48:59'),
(457, '416-66-2222', 2566, 1, 1, 1, 1, 3, '4.90GHz', 2, 9, 34, 145, 'XXXXX-XXXXX-XXXXX-XXXXX-XXXXX', 367, 'XXXXX-XXXXX-XXXXX-XXXXX-XXXXX', 1, 2, 7, 46, 161, 'สำนักการศึกษา', '2025-07-09 07:53:25'),
(458, '416-66-2223', 2566, 1, 1, 1, 1, 3, '4.90GHz', 2, 9, 34, 145, 'XXXXX-XXXXX-XXXXX-XXXXX-XXXXX', 367, 'XXXXX-XXXXX-XXXXX-XXXXX-XXXXX', 1, 2, 7, 46, 161, 'สำนักการศึกษา', '2025-07-09 08:06:19'),
(459, '416-66-2224', 2566, 1, 1, 1, 1, 3, '4.90GHz', 2, 8, 33, 139, 'XXXXX-XXXXX-XXXXX-XXXXX-XXXXX', 349, 'XXXXX-XXXXX-XXXXX-XXXXX-XXXXX', 1, 2, 7, 46, 161, 'สำนักการศึกษา', '2025-07-09 08:07:44'),
(460, '416-66-2225', 2566, 1, 1, 1, 1, 3, '4.90GHz', 2, 8, 33, 139, 'XXXXX-XXXXX-XXXXX-XXXXX-XXXXX', 349, 'XXXXX-XXXXX-XXXXX-XXXXX-XXXXX', 1, 2, 7, 46, 161, 'สำนักการศึกษา', '2025-07-09 08:10:04'),
(461, '416-66-2394', 2566, 2, 19, 59, 1, 2, '4.4GHz', 3, 12, 65, 338, 'XXXXX-XXXXX-XXXXX-XXXXX-XXXXX', 975, 'M7VJM-NHQRY-M4M7C-FJWB3-49CKM', 1, 6, 11, 28, 99, 'นางสนันต์ชินา วงศ์ลาวัลย์', '2025-07-15 07:51:26'),
(462, '416-66-2332', 2566, 2, 19, 59, 1, 2, '4.4GHz', 3, 12, 65, 338, 'XXXXX-XXXXX-XXXXX-XXXXX-XXXXX', 975, 'M7VJM-NHQRY-M4M7C-FJWB3-49CKM', 1, 6, 11, 28, 99, 'นางสาววรลักษณ์ เมธาจารย์', '2025-07-15 07:53:19'),
(463, '416-66-2391', 2566, 1, 2, 2, 1, 2, '3.90GHz', 1, 4, 15, 59, 'XXXXX-XXXXX-XXXXX-XXXXX-XXXXX', 135, 'M7VJM-NHQRY-M4M7C-FJWB3-49CKM', 1, 6, 11, 50, 165, 'นางรัชฎา นามสกุล', '2025-07-15 07:56:47'),
(464, '416-68-0000', 2568, 3, 24, 61, 1, 2, '1.30GHz', 3, 12, 65, 338, 'XXXXX-XXXXX-XXXXX-XXXXX-XXXXX', 975, 'XXXXX-XXXXX-XXXXX-XXXXX-XXXXX', 1, 10, 15, 53, 173, 'ตรวจสอบภายใน', '2025-07-16 08:26:47'),
(465, '416-68-0000', 2568, 1, 2, 60, 1, 2, '3.90GHz', 1, 4, 17, 71, 'XXXXX-XXXXX-XXXXX-XXXXX-XXXXX', 171, 'XXXXX-XXXXX-XXXXX-XXXXX-XXXXX', 1, 3, 8, 47, 0, 'สำนักข่าง', '2025-07-16 08:43:13');

-- --------------------------------------------------------

--
-- Table structure for table `computer_models`
--

CREATE TABLE `computer_models` (
  `id` int(11) NOT NULL,
  `name` varchar(100) NOT NULL,
  `computer_case_id` int(11) NOT NULL DEFAULT 1
) ENGINE=InnoDB DEFAULT CHARSET=utf8 COLLATE=utf8_general_ci;

--
-- Dumping data for table `computer_models`
--

INSERT INTO `computer_models` (`id`, `name`, `computer_case_id`) VALUES
(1, 'NEO50T G3 GM045DN4', 1),
(2, 'VERITON M210G-LGA1155', 2),
(3, 'AT350F3', 2),
(4, 'TAVELMATE IP1 P215-53', 19),
(5, 'COMPAQ DX2310MT', 3),
(6, 'COMPAQ DX7300', 3),
(7, 'POVOLION 190-0305D', 3),
(8, 'P6005 PRO', 3),
(9, 'PRO 3330MT', 3),
(10, 'S500TE-713700002WS', 4),
(11, 'PRO TOWER G280 G9', 20),
(12, 'HP120-043L', 3),
(13, 'COMPAQ DX2700', 3),
(14, 'PAVILION P6110Y', 3),
(15, 'HP PRO BOOK 440 G10', 20),
(16, 'PRO TOWER 285 G8', 3),
(17, 'PROBOOK 6450H', 20),
(18, 'INSPIRON 3030MT', 5),
(19, 'PRECCISION 3630 TOWER WORKSTATION', 5),
(20, 'VOSTRO 3710-W2686575STH', 5),
(21, 'TOWER-5810', 5),
(22, 'AMD R5-5600G', 6),
(23, 'CS-3304', 7),
(24, 'LMB 13441CS', 8),
(25, 'IHR-G012CPOO18', 9),
(26, 'PC PROFESSIONAL S SERIES', 10),
(27, 'COOLNAS CASE (RED/BLACK)', 11),
(28, 'V2X RED EDITION', 12),
(29, 'P8 PERFORMANCE SERIES', 13),
(30, 'ATX CASE (NP) CUBIC RHINO (BLACK/SILVER)', 14),
(31, 'CHI-LA MAX 2 C001CP0001', 9),
(32, 'PROTECT (BLACK/RED) P13597', 15),
(33, 'ATX CASE (NP) VIKINGS B9 V.2 (BLACK)', 16),
(34, 'DEFECTIVE RM30', 17),
(35, 'LENOVO', 18),
(36, 'ACER TMP214-41-G2-R8Q7', 19),
(37, 'HP', 20),
(38, 'DELL', 22),
(39, 'PROONE 400 G5', 23),
(40, 'TS150', 1),
(41, 'V55T GEN 2', 1),
(42, 'X453M', 21),
(43, 'Z2592G', 24),
(44, 'ASPIRE TC780', 2),
(45, 'ASPIRE TC-1760 12F8GOTOMGI/T003', 2),
(46, 'IDEACENTRE AIO 300-23ISU', 25),
(47, 'AZ1620 UR31P', 24),
(48, 'THINKCENTRE NEO 50TC', 1),
(49, 'TAVELMATE IP2 P216-51G', 19),
(50, 'VERITON ESSENTIAL S2740G', 2),
(51, 'EXTENSA15 EX215-55-332L', 19),
(52, '(MINI PC) PN51-S1-B5348AD', 4),
(53, 'HP PRO TOWER 280 G9', 3),
(54, 'TMP214-41-G2-R8Q7', 19),
(55, 'VS2680G ACR-UD.VV2ST.005', 2),
(56, 'LENOVO 720-24IKB', 25),
(57, 'SAMSUNG DP700A3D', 26),
(58, 'VERITON M200', 2),
(59, 'TRAVELMATE TMP215-54-57G0/T002 ', 19),
(60, 'VERITON S2710G', 2),
(61, 'VZ2514G', 24);

-- --------------------------------------------------------

--
-- Table structure for table `computer_types`
--

CREATE TABLE `computer_types` (
  `id` int(11) NOT NULL,
  `sortname` varchar(2) NOT NULL,
  `name` varchar(100) NOT NULL
) ENGINE=InnoDB DEFAULT CHARSET=utf8 COLLATE=utf8_general_ci;

--
-- Dumping data for table `computer_types`
--

INSERT INTO `computer_types` (`id`, `sortname`, `name`) VALUES
(1, 'PC', 'COMPUTER'),
(2, 'NB', 'NOTEBOOK'),
(3, 'AO', '(AIO) ALL IN ONE');

-- --------------------------------------------------------

--
-- Table structure for table `departments`
--

CREATE TABLE `departments` (
  `id` int(11) NOT NULL,
  `sortname` varchar(10) NOT NULL,
  `name` varchar(100) NOT NULL
) ENGINE=InnoDB DEFAULT CHARSET=utf8 COLLATE=utf8_general_ci;

--
-- Dumping data for table `departments`
--

INSERT INTO `departments` (`id`, `sortname`, `name`) VALUES
(1, 'Municipal', 'สำนักปลัดเทศบาล'),
(2, 'Education', 'สำนักการศึกษา'),
(3, 'Engineer', 'สำนักช่าง'),
(4, 'Finance', 'กองคลัง'),
(5, 'Health', 'กองสาธารณสุขและสิ่งแวดล้อม'),
(6, 'Strategy', 'กองยุทธศาสตร์และงบประมาณ'),
(7, 'Welfare', 'กองสวัสดิการสังคม'),
(8, 'Personnel', 'กองการเจ้าหน้าที่'),
(9, 'Manager', 'คณะผู้บริหาร'),
(10, 'Audit', 'ตรวจสอบภายใน');

-- --------------------------------------------------------

--
-- Table structure for table `divisions`
--

CREATE TABLE `divisions` (
  `id` int(11) NOT NULL,
  `name` varchar(100) NOT NULL,
  `segment_id` int(11) NOT NULL DEFAULT 1
) ENGINE=InnoDB DEFAULT CHARSET=utf8 COLLATE=utf8_general_ci;

--
-- Dumping data for table `divisions`
--

INSERT INTO `divisions` (`id`, `name`, `segment_id`) VALUES
(1, 'ฝ่ายบริหารงานทั่วไป', 6),
(2, 'ฝ่ายอำนวยการ', 6),
(3, 'ฝ่ายปกครอง', 6),
(4, 'ฝ่ายประสานงานองค์กรปกครองส่วนท้องถิ่น', 6),
(5, 'ฝ่ายทะเบียนราษฎรและบัตรประจำตัวประชาชน', 6),
(6, 'ฝ่ายบริหารงานขนส่ง', 6),
(7, 'ฝ่ายนิติการ', 6),
(8, 'ฝ่ายบริหารงานทั่วไป', 7),
(9, 'ฝ่ายกิจการโรงเรียน', 1),
(10, 'ฝ่ายวิชาการ', 1),
(11, 'ฝ่ายการศึกษานอกระบบและตามอัธยาศัย', 2),
(12, 'ฝ่ายกิจกรรมเด็กและเยาวชน', 2),
(13, 'ฝ่ายส่งเสริมศาสนา ศิลปะ และวัฒนธรรม', 2),
(14, 'ฝ่ายบริหารงานทั่วไป', 8),
(15, 'ฝ่ายควบคุมอาคาร', 3),
(16, 'ฝ่ายผังเมือง', 3),
(18, 'ฝ่ายวิศวกรรมโยธา', 4),
(19, 'ฝ่ายสถาปัตยกรรม', 4),
(20, 'ฝ่ายสาธารณูปโภค', 5),
(21, 'ฝ่ายบริหารงานทั่วไป', 9),
(22, 'ฝ่ายบริหารงานคลัง', 9),
(23, 'ฝ่ายพัฒนารายได้', 9),
(24, 'ฝ่ายบริหารงานทั่วไป', 10),
(25, 'ฝ่ายบริหารงานสาธารณสุข', 10),
(26, 'ฝ่ายบริการสาธารณสุข', 10),
(27, 'ฝ่ายบริหารงานทั่วไป', 11),
(28, 'ฝ่ายบริการและเผยแพร่วิชาการ', 11),
(29, 'ฝ่ายแผนงานและงบประมาณ', 11),
(30, 'ฝ่ายสังคมสงเคราะห์', 12),
(31, 'ฝ่ายพัฒนาชุมชน', 12),
(32, 'ฝ่ายสรรหาและบรรจุแต่งตั้ง', 13),
(33, 'ฝ่ายส่งเสริมและพัฒนาบุคลากร', 13),
(34, '-', 3),
(35, '-', 4),
(36, 'ฝ่ายสวนสาธารณะ', 5),
(37, '-', 12),
(38, '-', 13),
(39, 'ฝ่ายงานเครื่องจักรกล', 5),
(40, 'ฝ่ายงานระบบการจราจร', 5),
(41, '-', 14),
(42, 'ฝ่ายช่างสุขาภิบาล', 5),
(43, '-', 5),
(44, 'ฝ่ายศึกษานิเทศก์', 7),
(45, '-', 6),
(46, '-', 7),
(47, '-', 8),
(48, '-', 9),
(49, '-', 10),
(50, '-', 11),
(51, '-', 1),
(52, '-', 2),
(53, '-', 15);

-- --------------------------------------------------------

--
-- Table structure for table `microsoft_offices`
--

CREATE TABLE `microsoft_offices` (
  `id` int(11) NOT NULL,
  `name` varchar(100) NOT NULL,
  `ram_computer_id` int(11) NOT NULL DEFAULT 1
) ENGINE=InnoDB DEFAULT CHARSET=utf8 COLLATE=utf8_general_ci;

--
-- Dumping data for table `microsoft_offices`
--

INSERT INTO `microsoft_offices` (`id`, `name`, `ram_computer_id`) VALUES
(1, 'MICROSOFT OFFICE 2010', 1),
(2, 'MICROSOFT OFFICE 2013', 1),
(3, 'MICROSOFT OFFICE 2016', 1),
(4, 'MICROSOFT OFFICE 2010', 2),
(5, 'MICROSOFT OFFICE 2013', 2),
(6, 'MICROSOFT OFFICE 2016', 2),
(7, 'MICROSOFT OFFICE 2010', 3),
(8, 'MICROSOFT OFFICE 2013', 3),
(9, 'MICROSOFT OFFICE 2010', 4),
(10, 'MICROSOFT OFFICE 2013', 4),
(11, 'MICROSOFT OFFICE 2016', 4),
(12, 'MICROSOFT OFFICE 2010', 5),
(13, 'MICROSOFT OFFICE 2013', 5),
(14, 'MICROSOFT OFFICE 2016', 5),
(15, 'MICROSOFT OFFICE 2010', 6),
(16, 'MICROSOFT OFFICE 2013', 6),
(17, 'MICROSOFT OFFICE 2016', 6),
(18, 'MICROSOFT OFFICE 2010', 7),
(19, 'MICROSOFT OFFICE 2013', 7),
(20, 'MICROSOFT OFFICE 2016', 7),
(21, 'MICROSOFT OFFICE 2010', 8),
(22, 'MICROSOFT OFFICE 2013', 8),
(23, 'MICROSOFT OFFICE 2016', 8),
(24, 'MICROSOFT OFFICE 2019', 8),
(25, 'MICROSOFT OFFICE 2010', 9),
(26, 'MICROSOFT OFFICE 2013', 9),
(27, 'MICROSOFT OFFICE 2016', 9),
(28, 'MICROSOFT OFFICE 2019', 9),
(29, 'MICROSOFT OFFICE 2010', 10),
(30, 'MICROSOFT OFFICE 2013', 10),
(31, 'MICROSOFT OFFICE 2016', 10),
(32, 'MICROSOFT OFFICE 2019', 10),
(33, 'MICROSOFT OFFICE 2010', 11),
(34, 'MICROSOFT OFFICE 2013', 11),
(35, 'MICROSOFT OFFICE 2016', 11),
(36, 'MICROSOFT OFFICE 2019', 11),
(37, 'MICROSOFT OFFICE 2010', 12),
(38, 'MICROSOFT OFFICE 2013', 12),
(39, 'MICROSOFT OFFICE 2016', 12),
(40, 'MICROSOFT OFFICE 2019', 12),
(41, 'MICROSOFT OFFICE 2021', 12),
(42, 'MICROSOFT OFFICE 365', 12),
(43, 'MICROSOFT OFFICE 2010', 13),
(44, 'MICROSOFT OFFICE 2013', 13),
(45, 'MICROSOFT OFFICE 2016', 13),
(46, 'MICROSOFT OFFICE 2019', 13),
(47, 'MICROSOFT OFFICE 2021', 13),
(48, 'MICROSOFT OFFICE 365', 13),
(49, 'MICROSOFT OFFICE 2010', 14),
(50, 'MICROSOFT OFFICE 2013', 14),
(51, 'MICROSOFT OFFICE 2016', 14),
(52, 'MICROSOFT OFFICE 2019', 14),
(53, 'MICROSOFT OFFICE 2021', 14),
(54, 'MICROSOFT OFFICE 365', 14),
(55, 'MICROSOFT OFFICE 2010', 15),
(56, 'MICROSOFT OFFICE 2013', 15),
(57, 'MICROSOFT OFFICE 2016', 15),
(58, 'MICROSOFT OFFICE 2019', 15),
(59, 'MICROSOFT OFFICE 2021', 15),
(60, 'MICROSOFT OFFICE 365', 15),
(61, 'MICROSOFT OFFICE 2010', 16),
(62, 'MICROSOFT OFFICE 2013', 16),
(63, 'MICROSOFT OFFICE 2016', 16),
(64, 'MICROSOFT OFFICE 2019', 16),
(65, 'MICROSOFT OFFICE 2021', 16),
(66, 'MICROSOFT OFFICE 365', 16),
(67, 'MICROSOFT OFFICE 2010', 17),
(68, 'MICROSOFT OFFICE 2013', 17),
(69, 'MICROSOFT OFFICE 2016', 17),
(70, 'MICROSOFT OFFICE 2019', 17),
(71, 'MICROSOFT OFFICE 2021', 17),
(72, 'MICROSOFT OFFICE 365', 17),
(73, 'MICROSOFT OFFICE 2010', 18),
(74, 'MICROSOFT OFFICE 2013', 18),
(75, 'MICROSOFT OFFICE 2010', 19),
(76, 'MICROSOFT OFFICE 2013', 19),
(77, 'MICROSOFT OFFICE 2010', 20),
(78, 'MICROSOFT OFFICE 2013', 20),
(79, 'MICROSOFT OFFICE 2010', 21),
(80, 'MICROSOFT OFFICE 2013', 21),
(81, 'MICROSOFT OFFICE 2010', 22),
(82, 'MICROSOFT OFFICE 2013', 22),
(83, 'MICROSOFT OFFICE 2010', 23),
(84, 'MICROSOFT OFFICE 2013', 23),
(85, 'MICROSOFT OFFICE 2016', 23),
(86, 'MICROSOFT OFFICE 2019', 23),
(87, 'MICROSOFT OFFICE 2010', 24),
(88, 'MICROSOFT OFFICE 2013', 24),
(89, 'MICROSOFT OFFICE 2016', 24),
(90, 'MICROSOFT OFFICE 2019', 24),
(91, 'MICROSOFT OFFICE 2010', 25),
(92, 'MICROSOFT OFFICE 2013', 25),
(93, 'MICROSOFT OFFICE 2016', 25),
(94, 'MICROSOFT OFFICE 2019', 25),
(95, 'MICROSOFT OFFICE 2010', 26),
(96, 'MICROSOFT OFFICE 2013', 26),
(97, 'MICROSOFT OFFICE 2016', 26),
(98, 'MICROSOFT OFFICE 2019', 26),
(99, 'MICROSOFT OFFICE 2010', 27),
(100, 'MICROSOFT OFFICE 2013', 27),
(101, 'MICROSOFT OFFICE 2016', 27),
(102, 'MICROSOFT OFFICE 2019', 27),
(103, 'MICROSOFT OFFICE 2021', 27),
(104, 'MICROSOFT OFFICE 365', 27),
(105, 'MICROSOFT OFFICE 2010', 28),
(106, 'MICROSOFT OFFICE 2016', 28),
(107, 'MICROSOFT OFFICE 2016', 28),
(108, 'MICROSOFT OFFICE 2019', 28),
(109, 'MICROSOFT OFFICE 2021', 28),
(110, 'MICROSOFT OFFICE 365', 28),
(111, 'MICROSOFT OFFICE 2010', 29),
(112, 'MICROSOFT OFFICE 2013', 29),
(113, 'MICROSOFT OFFICE 2016', 29),
(114, 'MICROSOFT OFFICE 2019', 29),
(115, 'MICROSOFT OFFICE 2021', 29),
(116, 'MICROSOFT OFFICE 365', 29),
(117, 'MICROSOFT OFFICE 2010', 30),
(118, 'MICROSOFT OFFICE 2013', 30),
(119, 'MICROSOFT OFFICE 2016', 30),
(120, 'MICROSOFT OFFICE 2019', 30),
(121, 'MICROSOFT OFFICE 2021', 30),
(122, 'MICROSOFT OFFICE 365', 30),
(123, 'MICROSOFT OFFICE 2010', 31),
(124, 'MICROSOFT OFFICE 2013', 31),
(125, 'MICROSOFT OFFICE 2016', 31),
(126, 'MICROSOFT OFFICE 2019', 31),
(127, 'MICROSOFT OFFICE 2021', 31),
(128, 'MICROSOFT OFFICE 365', 31),
(129, 'MICROSOFT OFFICE 2010', 32),
(130, 'MICROSOFT OFFICE 2013', 32),
(131, 'MICROSOFT OFFICE 2016', 32),
(132, 'MICROSOFT OFFICE 2019', 32),
(133, 'MICROSOFT OFFICE 2021', 32),
(134, 'MICROSOFT OFFICE 365', 32),
(135, 'MICROSOFT OFFICE 2010', 33),
(136, 'MICROSOFT OFFICE 2013', 33),
(137, 'MICROSOFT OFFICE 2016', 33),
(138, 'MICROSOFT OFFICE 2019', 33),
(139, 'MICROSOFT OFFICE 2021', 33),
(140, 'MICROSOFT OFFICE 365', 33),
(141, 'MICROSOFT OFFICE 2010', 34),
(142, 'MICROSOFT OFFICE 2013', 34),
(143, 'MICROSOFT OFFICE 2016', 34),
(144, 'MICROSOFT OFFICE 2019', 34),
(145, 'MICROSOFT OFFICE 2021', 34),
(146, 'MICROSOFT OFFICE 365', 34),
(147, 'MICROSOFT OFFICE 2010', 35),
(148, 'MICROSOFT OFFICE 2013', 35),
(149, 'MICROSOFT OFFICE 2016', 35),
(150, 'MICROSOFT OFFICE 2019', 35),
(152, 'MICROSOFT OFFICE 2021', 35),
(153, 'MICROSOFT OFFICE 365', 35),
(154, 'MICROSOFT OFFICE 2010', 36),
(155, 'MICROSOFT OFFICE 2013', 36),
(156, 'MICROSOFT OFFICE 2016', 36),
(157, 'MICROSOFT OFFICE 2019', 36),
(158, 'MICROSOFT OFFICE 2021', 36),
(159, 'MICROSOFT OFFICE 365', 36),
(161, 'MICROSOFT OFFICE 2010', 36),
(162, 'MICROSOFT OFFICE 2013', 36),
(163, 'MICROSOFT OFFICE 2016', 36),
(164, 'MICROSOFT OFFICE 2019', 36),
(165, 'MICROSOFT OFFICE 2021', 36),
(166, 'MICROSOFT OFFICE 365', 36),
(167, 'MICROSOFT OFFICE 2010', 37),
(168, 'MICROSOFT OFFICE 2013', 37),
(169, 'MICROSOFT OFFICE 2016', 37),
(170, 'MICROSOFT OFFICE 2019', 37),
(171, 'MICROSOFT OFFICE 2021', 37),
(172, 'MICROSOFT OFFICE 365', 37),
(173, 'MICROSOFT OFFICE 2010', 38),
(174, 'MICROSOFT OFFICE 2013', 38),
(175, 'MICROSOFT OFFICE 2016', 38),
(176, 'MICROSOFT OFFICE 2019', 38),
(177, 'MICROSOFT OFFICE 2021', 38),
(178, 'MICROSOFT OFFICE 365', 38),
(179, 'MICROSOFT OFFICE 2010', 39),
(181, 'MICROSOFT OFFICE 2013', 39),
(182, 'MICROSOFT OFFICE 2016', 39),
(183, 'MICROSOFT OFFICE 2019', 39),
(184, 'MICROSOFT OFFICE 2021', 39),
(185, 'MICROSOFT OFFICE 365', 39),
(186, 'MICROSOFT OFFICE 2010', 40),
(187, 'MICROSOFT OFFICE 2013', 40),
(188, 'MICROSOFT OFFICE 2016', 40),
(189, 'MICROSOFT OFFICE 2019', 40),
(190, 'MICROSOFT OFFICE 2021', 40),
(191, 'MICROSOFT OFFICE 365', 40),
(192, 'MICROSOFT OFFICE 2010', 41),
(193, 'MICROSOFT OFFICE 2013', 41),
(194, 'MICROSOFT OFFICE 2016', 41),
(195, 'MICROSOFT OFFICE 2019', 41),
(196, 'MICROSOFT OFFICE 2021', 41),
(197, 'MICROSOFT OFFICE 365', 41),
(198, 'MICROSOFT OFFICE 2010', 42),
(199, 'MICROSOFT OFFICE 2013', 42),
(200, 'MICROSOFT OFFICE 2016', 42),
(201, 'MICROSOFT OFFICE 2019', 42),
(202, 'MICROSOFT OFFICE 2021', 42),
(203, 'MICROSOFT OFFICE 365', 42),
(204, 'MICROSOFT OFFICE 2010', 43),
(205, 'MICROSOFT OFFICE 2013', 43),
(206, 'MICROSOFT OFFICE 2016', 43),
(207, 'MICROSOFT OFFICE 2019', 43),
(208, 'MICROSOFT OFFICE 2021', 43),
(209, 'MICROSOFT OFFICE 365', 43),
(210, 'MICROSOFT OFFICE 2010', 44),
(211, 'MICROSOFT OFFICE 2013', 44),
(212, 'MICROSOFT OFFICE 2016', 44),
(213, 'MICROSOFT OFFICE 2019', 44),
(214, 'MICROSOFT OFFICE 2021', 44),
(215, 'MICROSOFT OFFICE 365', 44),
(216, 'MICROSOFT OFFICE 2010', 45),
(217, 'MICROSOFT OFFICE 2013', 45),
(218, 'MICROSOFT OFFICE 2016', 45),
(219, 'MICROSOFT OFFICE 2019', 45),
(220, 'MICROSOFT OFFICE 2021', 45),
(221, 'MICROSOFT OFFICE 365', 45),
(222, 'MICROSOFT OFFICE 2010', 46),
(223, 'MICROSOFT OFFICE 2013', 46),
(224, 'MICROSOFT OFFICE 2016', 46),
(225, 'MICROSOFT OFFICE 2019', 46),
(226, 'MICROSOFT OFFICE 365', 46),
(227, 'MICROSOFT OFFICE 2019', 10),
(228, 'MICROSOFT OFFICE 2021', 10),
(229, 'MICROSOFT OFFICE 365', 10),
(230, 'MICROSOFT OFFICE 2010', 47),
(231, 'MICROSOFT OFFICE 2013', 47),
(232, 'MICROSOFT OFFICE 2016', 47),
(233, 'MICROSOFT OFFICE 2019', 47),
(234, 'MICROSOFT OFFICE 2021', 47),
(235, 'MICROSOFT OFFICE 365', 47),
(236, 'MICROSOFT OFFICE 2010', 48),
(237, 'MICROSOFT OFFICE 2013', 48),
(238, 'MICROSOFT OFFICE 2016', 48),
(239, 'MICROSOFT OFFICE 2019', 48),
(240, 'MICROSOFT OFFICE 2021', 48),
(241, 'MICROSOFT OFFICE 365', 48),
(242, 'MICROSOFT OFFICE 2010', 49),
(243, 'MICROSOFT OFFICE 2013', 49),
(244, 'MICROSOFT OFFICE 2016', 49),
(245, 'MICROSOFT OFFICE 2019', 49),
(246, 'MICROSOFT OFFICE 2021', 49),
(247, 'MICROSOFT OFFICE 365', 50),
(248, 'MICROSOFT OFFICE 2010', 50),
(249, 'MICROSOFT OFFICE 2013', 50),
(250, 'MICROSOFT OFFICE 2016', 50),
(251, 'MICROSOFT OFFICE 2019', 50),
(252, 'MICROSOFT OFFICE 2021', 50),
(253, 'MICROSOFT OFFICE 365', 50),
(254, 'MICROSOFT OFFICE 2010', 51),
(255, 'MICROSOFT OFFICE 2013', 51),
(256, 'MICROSOFT OFFICE 2016', 51),
(257, 'MICROSOFT OFFICE 2019', 51),
(258, 'MICROSOFT OFFICE 2021', 51),
(259, 'MICROSOFT OFFICE 365', 51),
(260, 'MICROSOFT OFFICE 2010', 52),
(261, 'MICROSOFT OFFICE 2013', 52),
(262, 'MICROSOFT OFFICE 2016', 52),
(263, 'MICROSOFT OFFICE 2019', 52),
(264, 'MICROSOFT OFFICE 2021', 52),
(265, 'MICROSOFT OFFICE 365', 52),
(266, 'MICROSOFT OFFICE 2010', 53),
(267, 'MICROSOFT OFFICE 2013', 53),
(268, 'MICROSOFT OFFICE 2016', 53),
(269, 'MICROSOFT OFFICE 2019', 53),
(270, 'MICROSOFT OFFICE 2021', 53),
(271, 'MICROSOFT OFFICE 365', 53),
(272, 'MICROSOFT OFFICE 2010', 54),
(273, 'MICROSOFT OFFICE 2013', 54),
(274, 'MICROSOFT OFFICE 2010', 55),
(275, 'MICROSOFT OFFICE 2013', 55),
(276, 'MICROSOFT OFFICE 2016', 55),
(277, 'MICROSOFT OFFICE 2019', 55),
(278, 'MICROSOFT OFFICE 2021', 55),
(279, 'MICROSOFT OFFICE 365', 55),
(280, 'MICROSOFT OFFICE 2010', 56),
(281, 'MICROSOFT OFFICE 2013', 56),
(282, 'MICROSOFT OFFICE 2016', 56),
(283, 'MICROSOFT OFFICE 2019', 56),
(284, 'MICROSOFT OFFICE 2021', 56),
(285, 'MICROSOFT OFFICE 365', 56),
(286, 'MICROSOFT OFFICE 2010', 57),
(287, 'MICROSOFT OFFICE 2013', 57),
(288, 'MICROSOFT OFFICE 2016', 57),
(289, 'MICROSOFT OFFICE 2019', 57),
(290, 'MICROSOFT OFFICE 2021', 57),
(291, 'MICROSOFT OFFICE 365', 57),
(292, 'MICROSOFT OFFICE 2010', 58),
(293, 'MICROSOFT OFFICE 2013', 58),
(294, 'MICROSOFT OFFICE 2016', 58),
(295, 'MICROSOFT OFFICE 2019', 58),
(296, 'MICROSOFT OFFICE 2021', 58),
(297, 'MICROSOFT OFFICE 365', 58),
(298, 'MICROSOFT OFFICE 2010', 59),
(299, 'MICROSOFT OFFICE 2013', 59),
(300, 'MICROSOFT OFFICE 2016', 59),
(301, 'MICROSOFT OFFICE 2019', 59),
(302, 'MICROSOFT OFFICE 2021', 59),
(303, 'MICROSOFT OFFICE 365', 59),
(304, 'MICROSOFT OFFICE 2010', 60),
(305, 'MICROSOFT OFFICE 2013', 60),
(306, 'MICROSOFT OFFICE 2016', 60),
(307, 'MICROSOFT OFFICE 2019', 60),
(308, 'MICROSOFT OFFICE 2021', 60),
(309, 'MICROSOFT OFFICE 365', 60),
(310, 'MICROSOFT OFFICE 2010', 61),
(311, 'MICROSOFT OFFICE 2013', 61),
(312, 'MICROSOFT OFFICE 2016', 61),
(313, 'MICROSOFT OFFICE 2019', 61),
(314, 'MICROSOFT OFFICE 2021', 61),
(315, 'MICROSOFT OFFICE 365', 61),
(316, 'MICROSOFT OFFICE 2010', 62),
(317, 'MICROSOFT OFFICE 2013', 62),
(318, 'MICROSOFT OFFICE 2016', 62),
(319, 'MICROSOFT OFFICE 2019', 62),
(320, 'MICROSOFT OFFICE 2021', 62),
(321, 'MICROSOFT OFFICE 365', 62),
(322, 'MICROSOFT OFFICE 2010', 63),
(323, 'MICROSOFT OFFICE 2013', 63),
(324, 'MICROSOFT OFFICE 2016', 63),
(325, 'MICROSOFT OFFICE 2019', 63),
(326, 'MICROSOFT OFFICE 2021', 63),
(327, 'MICROSOFT OFFICE 365', 63),
(328, 'MICROSOFT OFFICE 2010', 64),
(329, 'MICROSOFT OFFICE 2013', 64),
(330, 'MICROSOFT OFFICE 2016', 64),
(331, 'MICROSOFT OFFICE 2019', 64),
(332, 'MICROSOFT OFFICE 2021', 64),
(333, 'MICROSOFT OFFICE 365', 64),
(334, 'MICROSOFT OFFICE 2010', 65),
(335, 'MICROSOFT OFFICE 2013', 65),
(336, 'MICROSOFT OFFICE 2016', 65),
(337, 'MICROSOFT OFFICE 2019', 65),
(338, 'MICROSOFT OFFICE 2021', 65),
(339, 'MICROSOFT OFFICE 365', 65),
(340, 'MICROSOFT OFFICE 2010', 66),
(341, 'MICROSOFT OFFICE 2013', 66),
(342, 'MICROSOFT OFFICE 2016', 66),
(343, 'MICROSOFT OFFICE 2019', 66),
(344, 'MICROSOFT OFFICE 2021', 66),
(345, 'MICROSOFT OFFICE 365', 66),
(346, 'MICROSOFT OFFICE 2010', 67),
(347, 'MICROSOFT OFFICE 2013', 67),
(348, 'MICROSOFT OFFICE 2016', 67),
(349, 'MICROSOFT OFFICE 2019', 67),
(350, 'MICROSOFT OFFICE 2021', 67),
(351, 'MICROSOFT OFFICE 365', 67),
(352, 'MICROSOFT OFFICE 2010', 68),
(353, 'MICROSOFT OFFICE 2013', 68),
(354, 'MICROSOFT OFFICE 2016', 68),
(355, 'MICROSOFT OFFICE 2019', 68),
(356, 'MICROSOFT OFFICE 2021', 68),
(357, 'MICROSOFT OFFICE 365', 68),
(358, 'MICROSOFT OFFICE 2010', 69),
(359, 'MICROSOFT OFFICE 2013', 69),
(360, 'MICROSOFT OFFICE 2016', 69),
(361, 'MICROSOFT OFFICE 2019', 69),
(362, 'MICROSOFT OFFICE 2021', 69),
(363, 'MICROSOFT OFFICE 365', 69);

-- --------------------------------------------------------

--
-- Table structure for table `os_computers`
--

CREATE TABLE `os_computers` (
  `id` int(11) NOT NULL,
  `name` varchar(100) NOT NULL,
  `microsoft_office_id` int(11) NOT NULL DEFAULT 1
) ENGINE=InnoDB DEFAULT CHARSET=utf8 COLLATE=utf8_general_ci;

--
-- Dumping data for table `os_computers`
--

INSERT INTO `os_computers` (`id`, `name`, `microsoft_office_id`) VALUES
(1, 'WINDOWS 7', 1),
(2, 'WINDOWS 7', 2),
(3, 'WINDOWS 7', 3),
(4, 'WINDOWS 7', 4),
(5, 'WINDOWS 7', 5),
(6, 'WINDOWS 7', 6),
(7, 'WINDOWS 7', 7),
(8, 'WINDOWS 10', 7),
(9, 'WINDOWS 7', 8),
(10, 'WINDOWS 10', 8),
(11, 'WINDOWS 7', 9),
(12, 'WINDOWS 10', 9),
(13, 'WINDOWS 7', 10),
(14, 'WINDOWS 10', 10),
(15, 'WINDOWS 7', 11),
(16, 'WINDOWS 10', 11),
(17, 'WINDOWS 7', 12),
(18, 'WINDOWS 10', 12),
(19, 'WINDOWS 7', 13),
(20, 'WINDOWS 10', 13),
(21, 'WINDOWS 7', 14),
(22, 'WINDOWS 10', 14),
(23, 'WINDOWS 7', 15),
(24, 'WINDOWS 10', 15),
(25, 'WINDOWS 7', 16),
(26, 'WINDOWS 10', 16),
(27, 'WINDOWS 7', 17),
(28, 'WINDOWS 10', 17),
(29, 'WINDOWS 7', 18),
(30, 'WINDOWS 10', 18),
(31, 'WINDOWS 7', 19),
(32, 'WINDOWS 10', 19),
(33, 'WINDOWS 7', 20),
(34, 'WINDOWS 10', 20),
(35, 'WINDOWS 7', 21),
(36, 'WINDOWS 10', 21),
(37, 'WINDOWS 7', 22),
(38, 'WINDOWS 10', 22),
(39, 'WINDOWS 7', 23),
(40, 'WINDOWS 10', 23),
(41, 'WINDOWS 7', 24),
(42, 'WINDOWS 10', 24),
(43, 'WINDOWS 7', 25),
(44, 'WINDOWS 10', 25),
(45, 'WINDOWS 7', 26),
(46, 'WINDOWS 10', 26),
(47, 'WINDOWS 7', 27),
(48, 'WINDOWS 10', 27),
(49, 'WINDOWS 7', 28),
(50, 'WINDOWS 10', 28),
(51, 'WINDOWS 7', 29),
(52, 'WINDOWS 10', 29),
(53, 'WINDOWS 7', 30),
(54, 'WINDOWS 10', 30),
(55, 'WINDOWS 7', 31),
(56, 'WINDOWS 10', 31),
(57, 'WINDOWS 7', 32),
(58, 'WINDOWS 10', 32),
(59, 'WINDOWS 7', 33),
(60, 'WINDOWS 10', 33),
(61, 'WINDOWS 7', 34),
(62, 'WINDOWS 10', 34),
(63, 'WINDOWS 7', 35),
(64, 'WINDOWS 10', 35),
(65, 'WINDOWS 7', 36),
(66, 'WINDOWS 10', 36),
(67, 'WINDOWS 7', 37),
(68, 'WINDOWS 10', 37),
(69, 'WINDOWS 11', 37),
(70, 'WINDOWS 7', 38),
(71, 'WINDOWS 10', 38),
(72, 'WINDOWS 11', 38),
(73, 'WINDOWS 7', 39),
(74, 'WINDOWS 10', 39),
(75, 'WINDOWS 11', 39),
(76, 'WINDOWS 7', 40),
(77, 'WINDOWS 10', 40),
(78, 'WINDOWS 11', 40),
(79, 'WINDOWS 7', 41),
(80, 'WINDOWS 10', 41),
(81, 'WINDOWS 11', 41),
(82, 'WINDOWS 7', 42),
(83, 'WINDOWS 10', 42),
(84, 'WINDOWS 11', 42),
(85, 'WINDOWS 7', 43),
(86, 'WINDOWS 10', 43),
(87, 'WINDOWS 11', 43),
(88, 'WINDOWS 7', 44),
(89, 'WINDOWS 10', 44),
(90, 'WINDOWS 11', 44),
(91, 'WINDOWS 7', 45),
(92, 'WINDOWS 10', 45),
(93, 'WINDOWS 11', 45),
(94, 'WINDOWS 7', 46),
(95, 'WINDOWS 10', 46),
(96, 'WINDOWS 11', 46),
(97, 'WINDOWS 7', 47),
(98, 'WINDOWS 10', 47),
(99, 'WINDOWS 11', 47),
(100, 'WINDOWS 7', 48),
(101, 'WINDOWS 10', 48),
(102, 'WINDOWS 11', 48),
(103, 'WINDOWS 7', 49),
(104, 'WINDOWS 10', 49),
(105, 'WINDOWS 11', 49),
(106, 'WINDOWS 7', 50),
(107, 'WINDOWS 10', 50),
(108, 'WINDOWS 11', 50),
(109, 'WINDOWS 7', 51),
(110, 'WINDOWS 10', 51),
(111, 'WINDOWS 11', 51),
(112, 'WINDOWS 7', 52),
(113, 'WINDOWS 10', 52),
(114, 'WINDOWS 11', 52),
(115, 'WINDOWS 7', 53),
(116, 'WINDOWS 10', 53),
(117, 'WINDOWS 11', 53),
(118, 'WINDOWS 7', 54),
(119, 'WINDOWS 10', 54),
(120, 'WINDOWS 11', 54),
(121, 'WINDOWS 7', 55),
(122, 'WINDOWS 10', 55),
(123, 'WINDOWS 11', 55),
(124, 'WINDOWS 7', 56),
(125, 'WINDOWS 10', 56),
(126, 'WINDOWS 11', 56),
(127, 'WINDOWS 7', 57),
(128, 'WINDOWS 10', 57),
(129, 'WINDOWS 11', 57),
(130, 'WINDOWS 7', 58),
(131, 'WINDOWS 10', 58),
(132, 'WINDOWS 11', 58),
(133, 'WINDOWS 7', 59),
(134, 'WINDOWS 10', 59),
(135, 'WINDOWS 11', 59),
(136, 'WINDOWS 7', 60),
(137, 'WINDOWS 10', 60),
(138, 'WINDOWS 11', 60),
(139, 'WINDOWS 7', 61),
(140, 'WINDOWS 10', 61),
(141, 'WINDOWS 11', 61),
(142, 'WINDOWS 7', 62),
(143, 'WINDOWS 10', 62),
(144, 'WINDOWS 11', 62),
(145, 'WINDOWS 7', 63),
(146, 'WINDOWS 10', 63),
(147, 'WINDOWS 11', 63),
(148, 'WINDOWS 7', 64),
(149, 'WINDOWS 10', 64),
(150, 'WINDOWS 11', 64),
(151, 'WINDOWS 7', 65),
(152, 'WINDOWS 10', 65),
(153, 'WINDOWS 11', 65),
(154, 'WINDOWS 7', 66),
(155, 'WINDOWS 10', 66),
(156, 'WINDOWS 11', 66),
(157, 'WINDOWS 7', 67),
(158, 'WINDOWS 10', 67),
(159, 'WINDOWS 11', 67),
(160, 'WINDOWS 7', 68),
(161, 'WINDOWS 10', 68),
(162, 'WINDOWS 11', 68),
(163, 'WINDOWS 7', 69),
(164, 'WINDOWS 10', 69),
(165, 'WINDOWS 11', 69),
(166, 'WINDOWS 7', 70),
(167, 'WINDOWS 10', 70),
(168, 'WINDOWS 11', 70),
(169, 'WINDOWS 7', 71),
(170, 'WINDOWS 10', 71),
(171, 'WINDOWS 11', 71),
(172, 'WINDOWS 7', 72),
(173, 'WINDOWS 10', 72),
(174, 'WINDOWS 11', 72),
(175, 'WINDOWS 7', 73),
(176, 'WINDOWS 10', 73),
(177, 'WINDOWS 7', 74),
(178, 'WINDOWS 10', 74),
(179, 'WINDOWS 7', 75),
(180, 'WINDOWS 10', 75),
(181, 'WINDOWS 7', 76),
(182, 'WINDOWS 10', 76),
(183, 'WINDOWS 7', 77),
(184, 'WINDOWS 10', 77),
(185, 'WINDOWS 7', 78),
(186, 'WINDOWS 10', 78),
(187, 'WINDOWS 7', 79),
(188, 'WINDOWS 10', 79),
(189, 'WINDOWS 7', 80),
(190, 'WINDOWS 10', 80),
(191, 'WINDOWS 7', 81),
(192, 'WINDOWS 10', 81),
(193, 'WINDOWS 7', 82),
(194, 'WINDOWS 10', 82),
(195, 'WINDOWS 7', 83),
(196, 'WINDOWS 10', 83),
(197, 'WINDOWS 7', 84),
(198, 'WINDOWS 10', 84),
(199, 'WINDOWS 7', 85),
(200, 'WINDOWS 10', 85),
(201, 'WINDOWS 7', 86),
(202, 'WINDOWS 10', 86),
(203, 'WINDOWS 7', 87),
(204, 'WINDOWS 10', 87),
(205, 'WINDOWS 7', 88),
(206, 'WINDOWS 10', 88),
(207, 'WINDOWS 7', 89),
(208, 'WINDOWS 10', 89),
(209, 'WINDOWS 7', 90),
(210, 'WINDOWS 10', 90),
(211, 'WINDOWS 7', 91),
(212, 'WINDOWS 10', 91),
(213, 'WINDOWS 7', 92),
(214, 'WINDOWS 10', 92),
(215, 'WINDOWS 7', 93),
(216, 'WINDOWS 10', 93),
(217, 'WINDOWS 7', 94),
(218, 'WINDOWS 10', 94),
(219, 'WINDOWS 7', 95),
(220, 'WINDOWS 10', 95),
(221, 'WINDOWS 7', 96),
(222, 'WINDOWS 10', 96),
(223, 'WINDOWS 7', 97),
(224, 'WINDOWS 10', 97),
(225, 'WINDOWS 7', 98),
(226, 'WINDOWS 10', 98),
(227, 'WINDOWS 7', 99),
(228, 'WINDOWS 10', 99),
(229, 'WINDOWS 11', 99),
(230, 'WINDOWS 7', 100),
(231, 'WINDOWS 10', 100),
(232, 'WINDOWS 11', 100),
(233, 'WINDOWS 7', 101),
(234, 'WINDOWS 10', 101),
(235, 'WINDOWS 11', 101),
(236, 'WINDOWS 7', 102),
(237, 'WINDOWS 10', 102),
(238, 'WINDOWS 11', 102),
(239, 'WINDOWS 7', 103),
(240, 'WINDOWS 10', 103),
(241, 'WINDOWS 11', 103),
(242, 'WINDOWS 7', 104),
(243, 'WINDOWS 10', 104),
(244, 'WINDOWS 11', 104),
(245, 'WINDOWS 7', 105),
(246, 'WINDOWS 10', 105),
(247, 'WINDOWS 11', 105),
(248, 'WINDOWS 7', 106),
(249, 'WINDOWS 10', 106),
(250, 'WINDOWS 11', 106),
(251, 'WINDOWS 7', 107),
(252, 'WINDOWS 10', 107),
(253, 'WINDOWS 11', 107),
(254, 'WINDOWS 7', 108),
(255, 'WINDOWS 10', 108),
(256, 'WINDOWS 11', 108),
(257, 'WINDOWS 7', 109),
(258, 'WINDOWS 10', 109),
(259, 'WINDOWS 11', 109),
(260, 'WINDOWS 7', 110),
(261, 'WINDOWS 10', 110),
(262, 'WINDOWS 11', 110),
(263, 'WINDOWS 7', 111),
(264, 'WINDOWS 10', 111),
(265, 'WINDOWS 11', 111),
(266, 'WINDOWS 7', 112),
(267, 'WINDOWS 10', 112),
(268, 'WINDOWS 11', 112),
(269, 'WINDOWS 7', 113),
(270, 'WINDOWS 10', 113),
(271, 'WINDOWS 11', 113),
(272, 'WINDOWS 7', 114),
(273, 'WINDOWS 10', 114),
(274, 'WINDOWS 11', 114),
(275, 'WINDOWS 7', 115),
(276, 'WINDOWS 10', 115),
(277, 'WINDOWS 11', 115),
(278, 'WINDOWS 7', 116),
(279, 'WINDOWS 10', 116),
(280, 'WINDOWS 11', 116),
(281, 'WINDOWS 7', 117),
(282, 'WINDOWS 10', 117),
(283, 'WINDOWS 11', 117),
(284, 'WINDOWS 7', 118),
(285, 'WINDOWS 10', 118),
(286, 'WINDOWS 11', 118),
(287, 'WINDOWS 7', 119),
(288, 'WINDOWS 10', 119),
(289, 'WINDOWS 11', 119),
(290, 'WINDOWS 7', 120),
(291, 'WINDOWS 10', 120),
(292, 'WINDOWS 11', 120),
(293, 'WINDOWS 7', 121),
(294, 'WINDOWS 10', 121),
(295, 'WINDOWS 11', 121),
(296, 'WINDOWS 7', 122),
(297, 'WINDOWS 10', 122),
(298, 'WINDOWS 11', 122),
(299, 'WINDOWS 7', 123),
(300, 'WINDOWS 10', 123),
(301, 'WINDOWS 11', 123),
(302, 'WINDOWS 7', 124),
(303, 'WINDOWS 10', 124),
(304, 'WINDOWS 11', 124),
(305, 'WINDOWS 7', 125),
(306, 'WINDOWS 10', 125),
(307, 'WINDOWS 11', 125),
(308, 'WINDOWS 7', 126),
(309, 'WINDOWS 10', 126),
(310, 'WINDOWS 11', 126),
(311, 'WINDOWS 7', 127),
(312, 'WINDOWS 10', 127),
(313, 'WINDOWS 11', 127),
(314, 'WINDOWS 7', 128),
(315, 'WINDOWS 10', 128),
(316, 'WINDOWS 11', 128),
(317, 'WINDOWS 7', 129),
(318, 'WINDOWS 10', 129),
(319, 'WINDOWS 11', 129),
(320, 'WINDOWS 7', 130),
(321, 'WINDOWS 10', 130),
(322, 'WINDOWS 11', 130),
(323, 'WINDOWS 7', 131),
(324, 'WINDOWS 10', 131),
(325, 'WINDOWS 11', 131),
(326, 'WINDOWS 7', 132),
(327, 'WINDOWS 10', 132),
(328, 'WINDOWS 11', 132),
(329, 'WINDOWS 7', 133),
(330, 'WINDOWS 10', 133),
(331, 'WINDOWS 11', 133),
(332, 'WINDOWS 7', 134),
(333, 'WINDOWS 10', 134),
(334, 'WINDOWS 11', 134),
(335, 'WINDOWS 7', 135),
(336, 'WINDOWS 10', 135),
(337, 'WINDOWS 11', 135),
(338, 'WINDOWS 7', 136),
(339, 'WINDOWS 10', 136),
(340, 'WINDOWS 11', 136),
(341, 'WINDOWS 7', 137),
(342, 'WINDOWS 10', 137),
(343, 'WINDOWS 11', 137),
(344, 'WINDOWS 7', 138),
(345, 'WINDOWS 10', 138),
(346, 'WINDOWS 11', 138),
(347, 'WINDOWS 7', 139),
(348, 'WINDOWS 10', 139),
(349, 'WINDOWS 11', 139),
(350, 'WINDOWS 7', 140),
(351, 'WINDOWS 10', 140),
(352, 'WINDOWS 11', 140),
(353, 'WINDOWS 7', 141),
(354, 'WINDOWS 10', 141),
(355, 'WINDOWS 11', 141),
(356, 'WINDOWS 7', 142),
(357, 'WINDOWS 10', 142),
(358, 'WINDOWS 11', 142),
(359, 'WINDOWS 7', 143),
(360, 'WINDOWS 10', 143),
(361, 'WINDOWS 11', 143),
(362, 'WINDOWS 7', 144),
(363, 'WINDOWS 10', 144),
(364, 'WINDOWS 11', 144),
(365, 'WINDOWS 7', 145),
(366, 'WINDOWS 10', 145),
(367, 'WINDOWS 11', 145),
(368, 'WINDOWS 7', 146),
(369, 'WINDOWS 10', 146),
(370, 'WINDOWS 11', 146),
(371, 'WINDOWS 7', 147),
(372, 'WINDOWS 10', 147),
(373, 'WINDOWS 11', 147),
(374, 'WINDOWS 7', 148),
(375, 'WINDOWS 10', 148),
(376, 'WINDOWS 11', 148),
(377, 'WINDOWS 7', 149),
(378, 'WINDOWS 10', 149),
(379, 'WINDOWS 11', 149),
(380, 'WINDOWS 7', 150),
(381, 'WINDOWS 10', 150),
(382, 'WINDOWS 11', 150),
(383, 'WINDOWS 7', 151),
(384, 'WINDOWS 10', 151),
(385, 'WINDOWS 11', 151),
(386, 'WINDOWS 7', 152),
(387, 'WINDOWS 10', 152),
(388, 'WINDOWS 11', 152),
(389, 'WINDOWS 7', 153),
(390, 'WINDOWS 10', 153),
(391, 'WINDOWS 11', 153),
(392, 'WINDOWS 7', 154),
(393, 'WINDOWS 10', 154),
(394, 'WINDOWS 11', 154),
(395, 'WINDOWS 7', 155),
(396, 'WINDOWS 10', 155),
(397, 'WINDOWS 11', 155),
(398, 'WINDOWS 7', 156),
(399, 'WINDOWS 10', 156),
(400, 'WINDOWS 11', 156),
(401, 'WINDOWS 7', 157),
(402, 'WINDOWS 10', 157),
(403, 'WINDOWS 11', 157),
(404, 'WINDOWS 7', 158),
(405, 'WINDOWS 10', 158),
(406, 'WINDOWS 11', 158),
(407, 'WINDOWS 7', 159),
(408, 'WINDOWS 10', 159),
(409, 'WINDOWS 11', 159),
(410, 'WINDOWS 7', 160),
(411, 'WINDOWS 10', 160),
(412, 'WINDOWS 11', 160),
(413, 'WINDOWS 7', 161),
(414, 'WINDOWS 10', 161),
(415, 'WINDOWS 11', 161),
(416, 'WINDOWS 7', 162),
(417, 'WINDOWS 10', 162),
(418, 'WINDOWS 11', 162),
(419, 'WINDOWS 7', 163),
(420, 'WINDOWS 10', 163),
(421, 'WINDOWS 11', 163),
(422, 'WINDOWS 7', 164),
(423, 'WINDOWS 10', 164),
(424, 'WINDOWS 11', 164),
(425, 'WINDOWS 7', 165),
(426, 'WINDOWS 10', 165),
(427, 'WINDOWS 11', 165),
(428, 'WINDOWS 7', 166),
(429, 'WINDOWS 10', 166),
(430, 'WINDOWS 11', 166),
(431, 'WINDOWS 7', 167),
(432, 'WINDOWS 10', 167),
(433, 'WINDOWS 11', 167),
(434, 'WINDOWS 7', 168),
(435, 'WINDOWS 10', 168),
(436, 'WINDOWS 11', 168),
(437, 'WINDOWS 7', 169),
(438, 'WINDOWS 10', 169),
(439, 'WINDOWS 11', 169),
(440, 'WINDOWS 7', 170),
(441, 'WINDOWS 10', 170),
(442, 'WINDOWS 11', 170),
(443, 'WINDOWS 7', 171),
(444, 'WINDOWS 10', 171),
(445, 'WINDOWS 11', 171),
(446, 'WINDOWS 7', 172),
(447, 'WINDOWS 10', 172),
(448, 'WINDOWS 11', 172),
(449, 'WINDOWS 7', 173),
(450, 'WINDOWS 10', 173),
(451, 'WINDOWS 11', 173),
(452, 'WINDOWS 7', 174),
(453, 'WINDOWS 10', 174),
(454, 'WINDOWS 11', 174),
(455, 'WINDOWS 7', 175),
(456, 'WINDOWS 10', 175),
(457, 'WINDOWS 11', 175),
(458, 'WINDOWS 7', 176),
(459, 'WINDOWS 10', 176),
(460, 'WINDOWS 11', 176),
(461, 'WINDOWS 7', 177),
(462, 'WINDOWS 10', 177),
(463, 'WINDOWS 11', 177),
(464, 'WINDOWS 7', 178),
(465, 'WINDOWS 10', 178),
(466, 'WINDOWS 11', 178),
(467, 'WINDOWS 7', 179),
(468, 'WINDOWS 10', 179),
(469, 'WINDOWS 11', 179),
(470, 'WINDOWS 7', 180),
(471, 'WINDOWS 10', 180),
(472, 'WINDOWS 11', 180),
(473, 'WINDOWS 7', 181),
(474, 'WINDOWS 10', 181),
(475, 'WINDOWS 11', 181),
(476, 'WINDOWS 7', 182),
(477, 'WINDOWS 10', 182),
(478, 'WINDOWS 11', 182),
(479, 'WINDOWS 7', 183),
(480, 'WINDOWS 10', 183),
(481, 'WINDOWS 11', 183),
(482, 'WINDOWS 7', 184),
(483, 'WINDOWS 10', 184),
(484, 'WINDOWS 11', 184),
(485, 'WINDOWS 7', 185),
(486, 'WINDOWS 10', 185),
(487, 'WINDOWS 11', 185),
(488, 'WINDOWS 7', 186),
(489, 'WINDOWS 10', 186),
(490, 'WINDOWS 11', 186),
(491, 'WINDOWS 7', 187),
(492, 'WINDOWS 10', 187),
(493, 'WINDOWS 11', 187),
(494, 'WINDOWS 7', 188),
(495, 'WINDOWS 10', 188),
(496, 'WINDOWS 11', 188),
(497, 'WINDOWS 7', 189),
(498, 'WINDOWS 10', 189),
(499, 'WINDOWS 11', 189),
(500, 'WINDOWS 7', 190),
(501, 'WINDOWS 10', 190),
(502, 'WINDOWS 11', 190),
(503, 'WINDOWS 7', 191),
(504, 'WINDOWS 10', 191),
(505, 'WINDOWS 11', 191),
(506, 'WINDOWS 7', 192),
(507, 'WINDOWS 10', 192),
(508, 'WINDOWS 11', 192),
(509, 'WINDOWS 7', 193),
(510, 'WINDOWS 10', 193),
(511, 'WINDOWS 11', 193),
(512, 'WINDOWS 7', 194),
(513, 'WINDOWS 10', 194),
(514, 'WINDOWS 11', 194),
(515, 'WINDOWS 7', 195),
(516, 'WINDOWS 10', 195),
(517, 'WINDOWS 11', 195),
(518, 'WINDOWS 7', 196),
(519, 'WINDOWS 10', 196),
(520, 'WINDOWS 11', 196),
(521, 'WINDOWS 7', 197),
(522, 'WINDOWS 10', 197),
(523, 'WINDOWS 11', 197),
(524, 'WINDOWS 7', 198),
(525, 'WINDOWS 10', 198),
(526, 'WINDOWS 11', 198),
(527, 'WINDOWS 7', 199),
(528, 'WINDOWS 10', 199),
(529, 'WINDOWS 11', 199),
(530, 'WINDOWS 7', 200),
(531, 'WINDOWS 10', 200),
(532, 'WINDOWS 11', 200),
(533, 'WINDOWS 7', 201),
(534, 'WINDOWS 10', 201),
(535, 'WINDOWS 11', 201),
(536, 'WINDOWS 7', 202),
(537, 'WINDOWS 10', 202),
(538, 'WINDOWS 11', 202),
(539, 'WINDOWS 7', 203),
(540, 'WINDOWS 10', 203),
(541, 'WINDOWS 11', 203),
(542, 'WINDOWS 7', 204),
(543, 'WINDOWS 10', 204),
(544, 'WINDOWS 11', 204),
(545, 'WINDOWS 7', 205),
(546, 'WINDOWS 10', 205),
(547, 'WINDOWS 11', 205),
(548, 'WINDOWS 7', 206),
(549, 'WINDOWS 10', 206),
(550, 'WINDOWS 11', 206),
(551, 'WINDOWS 7', 207),
(552, 'WINDOWS 10', 207),
(553, 'WINDOWS 11', 207),
(554, 'WINDOWS 7', 208),
(555, 'WINDOWS 10', 208),
(556, 'WINDOWS 11', 208),
(557, 'WINDOWS 7', 209),
(558, 'WINDOWS 10', 209),
(559, 'WINDOWS 11', 209),
(560, 'WINDOWS 7', 210),
(561, 'WINDOWS 10', 210),
(562, 'WINDOWS 11', 210),
(563, 'WINDOWS 7', 211),
(564, 'WINDOWS 10', 211),
(565, 'WINDOWS 11', 211),
(566, 'WINDOWS 7', 212),
(567, 'WINDOWS 10', 212),
(568, 'WINDOWS 11', 212),
(569, 'WINDOWS 7', 213),
(570, 'WINDOWS 10', 213),
(571, 'WINDOWS 11', 213),
(572, 'WINDOWS 7', 214),
(573, 'WINDOWS 10', 214),
(574, 'WINDOWS 11', 214),
(575, 'WINDOWS 7', 215),
(576, 'WINDOWS 10', 215),
(577, 'WINDOWS 11', 215),
(578, 'WINDOWS 7', 216),
(579, 'WINDOWS 7', 217),
(580, 'WINDOWS 10', 217),
(581, 'WINDOWS 11', 217),
(582, 'WINDOWS 7', 218),
(583, 'WINDOWS 10', 218),
(584, 'WINDOWS 11', 218),
(585, 'WINDOWS 7', 219),
(586, 'WINDOWS 10', 219),
(587, 'WINDOWS 11', 219),
(588, 'WINDOWS 7', 220),
(589, 'WINDOWS 10', 220),
(590, 'WINDOWS 11', 220),
(591, 'WINDOWS 7', 221),
(592, 'WINDOWS 10', 221),
(593, 'WINDOWS 11', 221),
(594, 'WINDOWS 7', 222),
(595, 'WINDOWS 10', 222),
(596, 'WINDOWS 11', 222),
(597, 'WINDOWS 7', 223),
(598, 'WINDOWS 10', 223),
(599, 'WINDOWS 11', 223),
(600, 'WINDOWS 7', 224),
(601, 'WINDOWS 10', 224),
(602, 'WINDOWS 11', 224),
(603, 'WINDOWS 7', 225),
(604, 'WINDOWS 10', 225),
(605, 'WINDOWS 11', 225),
(606, 'WINDOWS 10', 226),
(607, 'WINDOWS 10', 227),
(608, 'WINDOWS 10', 228),
(609, 'WINDOWS 10', 229),
(610, 'WINDOWS 7', 230),
(611, 'WINDOWS 10', 230),
(612, 'WINDOWS 11', 230),
(613, 'WINDOWS 7', 231),
(614, 'WINDOWS 10', 231),
(615, 'WINDOWS 11', 231),
(616, 'WINDOWS 7', 232),
(617, 'WINDOWS 10', 232),
(618, 'WINDOWS 11', 232),
(619, 'WINDOWS 7', 233),
(620, 'WINDOWS 10', 233),
(621, 'WINDOWS 11', 233),
(622, 'WINDOWS 7', 234),
(623, 'WINDOWS 10', 234),
(624, 'WINDOWS 7', 235),
(625, 'WINDOWS 10', 235),
(626, 'WINDOWS 7', 236),
(627, 'WINDOWS 10', 236),
(628, 'WINDOWS 7', 237),
(629, 'WINDOWS 10', 237),
(630, 'WINDOWS 7', 238),
(631, 'WINDOWS 10', 238),
(632, 'WINDOWS 7', 239),
(633, 'WINDOWS 10', 239),
(634, 'WINDOWS 7', 240),
(635, 'WINDOWS 10', 240),
(636, 'WINDOWS 7', 241),
(637, 'WINDOWS 10', 241),
(638, 'WINDOWS 7', 242),
(639, 'WINDOWS 10', 242),
(640, 'WINDOWS 7', 243),
(641, 'WINDOWS 10', 243),
(642, 'WINDOWS 7', 244),
(643, 'WINDOWS 10', 244),
(644, 'WINDOWS 7', 245),
(645, 'WINDOWS 10', 245),
(646, 'WINDOWS 7', 246),
(647, 'WINDOWS 10', 246),
(648, 'WINDOWS 7', 247),
(649, 'WINDOWS 10', 247),
(650, 'WINDOWS 7', 248),
(651, 'WINDOWS 10', 248),
(652, 'WINDOWS 7', 249),
(653, 'WINDOWS 10', 249),
(654, 'WINDOWS 7', 250),
(655, 'WINDOWS 10', 250),
(656, 'WINDOWS 7', 251),
(657, 'WINDOWS 10', 251),
(658, 'WINDOWS 7', 252),
(659, 'WINDOWS 10', 252),
(660, 'WINDOWS 7', 253),
(661, 'WINDOWS 10', 253),
(662, 'WINDOWS 7', 254),
(663, 'WINDOWS 10', 254),
(664, 'WINDOWS 11', 254),
(665, 'WINDOWS 7', 255),
(666, 'WINDOWS 10', 255),
(667, 'WINDOWS 11', 255),
(668, 'WINDOWS 7', 256),
(669, 'WINDOWS 10', 256),
(670, 'WINDOWS 11', 256),
(671, 'WINDOWS 7', 257),
(672, 'WINDOWS 10', 257),
(673, 'WINDOWS 11', 257),
(674, 'WINDOWS 7', 258),
(675, 'WINDOWS 10', 258),
(676, 'WINDOWS 11', 258),
(677, 'WINDOWS 7', 259),
(678, 'WINDOWS 10', 259),
(679, 'WINDOWS 11', 259),
(680, 'WINDOWS 7', 260),
(681, 'WINDOWS 10', 260),
(682, 'WINDOWS 11', 260),
(683, 'WINDOWS 7', 261),
(684, 'WINDOWS 10', 261),
(685, 'WINDOWS 11', 261),
(686, 'WINDOWS 7', 262),
(687, 'WINDOWS 10', 262),
(688, 'WINDOWS 11', 262),
(689, 'WINDOWS 7', 263),
(690, 'WINDOWS 10', 263),
(691, 'WINDOWS 11', 263),
(692, 'WINDOWS 7', 264),
(693, 'WINDOWS 10', 264),
(694, 'WINDOWS 11', 264),
(695, 'WINDOWS 7', 265),
(696, 'WINDOWS 10', 265),
(697, 'WINDOWS 11', 265),
(698, 'WINDOWS 7', 266),
(699, 'WINDOWS 10', 266),
(700, 'WINDOWS 11', 266),
(701, 'WINDOWS 7', 267),
(702, 'WINDOWS 10', 267),
(703, 'WINDOWS 11', 267),
(704, 'WINDOWS 7', 268),
(705, 'WINDOWS 10', 268),
(706, 'WINDOWS 11', 268),
(707, 'WINDOWS 7', 269),
(708, 'WINDOWS 10', 269),
(709, 'WINDOWS 11', 269),
(710, 'WINDOWS 7', 270),
(711, 'WINDOWS 10', 270),
(712, 'WINDOWS 11', 270),
(713, 'WINDOWS 7', 271),
(714, 'WINDOWS 10', 271),
(715, 'WINDOWS 11', 271),
(716, 'WINDOWS 7', 272),
(717, 'WINDOWS 10', 272),
(718, 'WINDOWS 7', 273),
(719, 'WINDOWS 10', 273),
(780, 'WINDOWS 11', 273),
(781, 'WINDOWS 7', 274),
(782, 'WINDOWS 10', 274),
(783, 'WINDOWS 11', 274),
(784, 'WINDOWS 7', 275),
(785, 'WINDOWS 10', 275),
(786, 'WINDOWS 11', 275),
(787, 'WINDOWS 7', 276),
(788, 'WINDOWS 10', 276),
(789, 'WINDOWS 11', 276),
(790, 'WINDOWS 7', 277),
(791, 'WINDOWS 10', 277),
(792, 'WINDOWS 11', 277),
(793, 'WINDOWS 7', 278),
(794, 'WINDOWS 10', 278),
(795, 'WINDOWS 11', 278),
(796, 'WINDOWS 7', 279),
(797, 'WINDOWS 10', 279),
(798, 'WINDOWS 11', 279),
(799, 'WINDOWS 7', 280),
(800, 'WINDOWS 10', 280),
(801, 'WINDOWS 11', 280),
(802, 'WINDOWS 7', 281),
(803, 'WINDOWS 10', 281),
(804, 'WINDOWS 11', 281),
(805, 'WINDOWS 7', 282),
(806, 'WINDOWS 10', 282),
(807, 'WINDOWS 11', 282),
(808, 'WINDOWS 7', 283),
(809, 'WINDOWS 10', 283),
(810, 'WINDOWS 11', 283),
(811, 'WINDOWS 7', 284),
(812, 'WINDOWS 10', 284),
(813, 'WINDOWS 11', 284),
(814, 'WINDOWS 7', 285),
(815, 'WINDOWS 10', 285),
(816, 'WINDOWS 11', 285),
(817, 'WINDOWS 7', 286),
(818, 'WINDOWS 10', 286),
(819, 'WINDOWS 11', 286),
(820, 'WINDOWS 7', 287),
(821, 'WINDOWS 10', 287),
(822, 'WINDOWS 11', 287),
(823, 'WINDOWS 7', 288),
(824, 'WINDOWS 10', 288),
(825, 'WINDOWS 11', 288),
(826, 'WINDOWS 7', 289),
(827, 'WINDOWS 10', 289),
(828, 'WINDOWS 11', 289),
(829, 'WINDOWS 7', 290),
(830, 'WINDOWS 10', 290),
(831, 'WINDOWS 11', 290),
(832, 'WINDOWS 7', 291),
(833, 'WINDOWS 10', 291),
(834, 'WINDOWS 11', 291),
(835, 'WINDOWS 7', 292),
(836, 'WINDOWS 10', 292),
(837, 'WINDOWS 11', 292),
(838, 'WINDOWS 7', 293),
(839, 'WINDOWS 10', 293),
(840, 'WINDOWS 11', 293),
(841, 'WINDOWS 7', 294),
(842, 'WINDOWS 10', 294),
(843, 'WINDOWS 11', 294),
(844, 'WINDOWS 7', 295),
(845, 'WINDOWS 10', 295),
(846, 'WINDOWS 11', 295),
(847, 'WINDOWS 7', 296),
(848, 'WINDOWS 10', 296),
(849, 'WINDOWS 11', 296),
(850, 'WINDOWS 7', 297),
(851, 'WINDOWS 10', 297),
(852, 'WINDOWS 11', 297),
(853, 'WINDOWS 7', 298),
(854, 'WINDOWS 10', 298),
(855, 'WINDOWS 11', 298),
(856, 'WINDOWS 7', 299),
(857, 'WINDOWS 10', 299),
(858, 'WINDOWS 11', 299),
(859, 'WINDOWS 7', 300),
(860, 'WINDOWS 10', 300),
(861, 'WINDOWS 11', 300),
(862, 'WINDOWS 7', 301),
(863, 'WINDOWS 10', 301),
(864, 'WINDOWS 11', 301),
(865, 'WINDOWS 7', 302),
(866, 'WINDOWS 10', 302),
(867, 'WINDOWS 11', 302),
(868, 'WINDOWS 7', 303),
(869, 'WINDOWS 10', 303),
(870, 'WINDOWS 11', 303),
(871, 'WINDOWS 7', 304),
(872, 'WINDOWS 10', 304),
(873, 'WINDOWS 11', 304),
(874, 'WINDOWS 7', 305),
(875, 'WINDOWS 10', 305),
(876, 'WINDOWS 11', 305),
(877, 'WINDOWS 7', 306),
(878, 'WINDOWS 10', 306),
(879, 'WINDOWS 11', 306),
(880, 'WINDOWS 7', 307),
(881, 'WINDOWS 10', 307),
(882, 'WINDOWS 11', 307),
(883, 'WINDOWS 7', 308),
(884, 'WINDOWS 10', 308),
(885, 'WINDOWS 11', 308),
(886, 'WINDOWS 7', 309),
(887, 'WINDOWS 10', 309),
(888, 'WINDOWS 11', 309),
(889, 'WINDOWS 7', 310),
(890, 'WINDOWS 10', 310),
(891, 'WINDOWS 11', 310),
(892, 'WINDOWS 7', 311),
(893, 'WINDOWS 10', 311),
(894, 'WINDOWS 11', 311),
(895, 'WINDOWS 7', 312),
(896, 'WINDOWS 10', 312),
(897, 'WINDOWS 11', 312),
(898, 'WINDOWS 7', 313),
(899, 'WINDOWS 10', 313),
(900, 'WINDOWS 11', 313),
(901, 'WINDOWS 7', 314),
(902, 'WINDOWS 10', 314),
(903, 'WINDOWS 11', 314),
(904, 'WINDOWS 7', 315),
(905, 'WINDOWS 10', 315),
(906, 'WINDOWS 11', 315),
(907, 'WINDOWS 7', 316),
(908, 'WINDOWS 10', 316),
(909, 'WINDOWS 11', 316),
(910, 'WINDOWS 7', 317),
(911, 'WINDOWS 10', 317),
(912, 'WINDOWS 11', 317),
(913, 'WINDOWS 7', 318),
(914, 'WINDOWS 10', 318),
(915, 'WINDOWS 11', 318),
(916, 'WINDOWS 7', 319),
(917, 'WINDOWS 10', 319),
(918, 'WINDOWS 11', 319),
(919, 'WINDOWS 7', 320),
(920, 'WINDOWS 10', 320),
(921, 'WINDOWS 11', 320),
(922, 'WINDOWS 7', 321),
(923, 'WINDOWS 10', 321),
(924, 'WINDOWS 11', 321),
(925, 'WINDOWS 7', 322),
(926, 'WINDOWS 10', 322),
(927, 'WINDOWS 11', 322),
(928, 'WINDOWS 7', 323),
(929, 'WINDOWS 10', 323),
(930, 'WINDOWS 11', 323),
(931, 'WINDOWS 7', 324),
(932, 'WINDOWS 10', 324),
(933, 'WINDOWS 11', 324),
(934, 'WINDOWS 7', 325),
(935, 'WINDOWS 10', 325),
(936, 'WINDOWS 11', 325),
(937, 'WINDOWS 7', 326),
(938, 'WINDOWS 10', 326),
(939, 'WINDOWS 11', 326),
(940, 'WINDOWS 7', 327),
(941, 'WINDOWS 10', 327),
(942, 'WINDOWS 11', 327),
(943, 'WINDOWS 7', 328),
(944, 'WINDOWS 10', 328),
(945, 'WINDOWS 11', 328),
(946, 'WINDOWS 7', 329),
(947, 'WINDOWS 10', 329),
(948, 'WINDOWS 11', 329),
(949, 'WINDOWS 7', 330),
(950, 'WINDOWS 10', 330),
(951, 'WINDOWS 11', 330),
(952, 'WINDOWS 7', 331),
(953, 'WINDOWS 10', 331),
(954, 'WINDOWS 11', 331),
(955, 'WINDOWS 7', 332),
(956, 'WINDOWS 10', 332),
(957, 'WINDOWS 11', 332),
(958, 'WINDOWS 7', 333),
(959, 'WINDOWS 10', 333),
(960, 'WINDOWS 11', 333),
(961, 'WINDOWS 7', 334),
(962, 'WINDOWS 10', 334),
(963, 'WINDOWS 11', 334),
(964, 'WINDOWS 7', 335),
(965, 'WINDOWS 10', 335),
(966, 'WINDOWS 11', 335),
(967, 'WINDOWS 7', 336),
(968, 'WINDOWS 10', 336),
(969, 'WINDOWS 11', 336),
(970, 'WINDOWS 7', 337),
(971, 'WINDOWS 10', 337),
(972, 'WINDOWS 11', 337),
(973, 'WINDOWS 7', 338),
(974, 'WINDOWS 10', 338),
(975, 'WINDOWS 11', 338),
(976, 'WINDOWS 7', 339),
(977, 'WINDOWS 10', 339),
(978, 'WINDOWS 11', 339),
(979, 'WINDOWS 7', 340),
(980, 'WINDOWS 10', 340),
(981, 'WINDOWS 11', 340),
(982, 'WINDOWS 7', 341),
(983, 'WINDOWS 10', 341),
(984, 'WINDOWS 11', 341),
(985, 'WINDOWS 7', 342),
(986, 'WINDOWS 10', 342),
(987, 'WINDOWS 11', 342),
(988, 'WINDOWS 7', 343),
(989, 'WINDOWS 10', 343),
(990, 'WINDOWS 11', 343),
(991, 'WINDOWS 7', 344),
(992, 'WINDOWS 10', 344),
(993, 'WINDOWS 11', 344),
(994, 'WINDOWS 7', 345),
(995, 'WINDOWS 10', 345),
(996, 'WINDOWS 11', 345),
(997, 'WINDOWS 7', 346),
(998, 'WINDOWS 10', 346),
(999, 'WINDOWS 11', 346),
(1000, 'WINDOWS 7', 347),
(1001, 'WINDOWS 10', 347),
(1002, 'WINDOWS 11', 347),
(1003, 'WINDOWS 7', 348),
(1004, 'WINDOWS 10', 348),
(1005, 'WINDOWS 11', 348),
(1006, 'WINDOWS 7', 349),
(1007, 'WINDOWS 10', 349),
(1008, 'WINDOWS 11', 349),
(1009, 'WINDOWS 7', 350),
(1010, 'WINDOWS 10', 350),
(1011, 'WINDOWS 11', 350),
(1012, 'WINDOWS 7', 351),
(1013, 'WINDOWS 10', 351),
(1014, 'WINDOWS 11', 351),
(1015, 'WINDOWS 7', 352),
(1016, 'WINDOWS 10', 352),
(1017, 'WINDOWS 11', 352),
(1018, 'WINDOWS 7', 353),
(1019, 'WINDOWS 10', 353),
(1020, 'WINDOWS 11', 353),
(1021, 'WINDOWS 7', 354),
(1022, 'WINDOWS 10', 354),
(1023, 'WINDOWS 11', 354),
(1024, 'WINDOWS 7', 355),
(1025, 'WINDOWS 10', 355),
(1026, 'WINDOWS 11', 355),
(1027, 'WINDOWS 7', 356),
(1028, 'WINDOWS 10', 356),
(1029, 'WINDOWS 11', 356),
(1030, 'WINDOWS 7', 357),
(1031, 'WINDOWS 10', 357),
(1032, 'WINDOWS 11', 357),
(1033, 'WINDOWS 7', 358),
(1034, 'WINDOWS 10', 358),
(1035, 'WINDOWS 11', 358),
(1036, 'WINDOWS 7', 359),
(1037, 'WINDOWS 10', 359),
(1038, 'WINDOWS 11', 359),
(1039, 'WINDOWS 7', 360),
(1040, 'WINDOWS 10', 360),
(1041, 'WINDOWS 11', 360),
(1042, 'WINDOWS 7', 361),
(1043, 'WINDOWS 10', 361),
(1044, 'WINDOWS 11', 361),
(1045, 'WINDOWS 7', 362),
(1046, 'WINDOWS 10', 362),
(1047, 'WINDOWS 11', 362),
(1048, 'WINDOWS 7', 363),
(1049, 'WINDOWS 10', 363),
(1050, 'WINDOWS 11', 363);

-- --------------------------------------------------------

--
-- Table structure for table `ram_computers`
--

CREATE TABLE `ram_computers` (
  `id` int(11) NOT NULL,
  `name` varchar(100) NOT NULL,
  `storage_spec_id` int(11) NOT NULL DEFAULT 1
) ENGINE=InnoDB DEFAULT CHARSET=utf8 COLLATE=utf8_general_ci;

--
-- Dumping data for table `ram_computers`
--

INSERT INTO `ram_computers` (`id`, `name`, `storage_spec_id`) VALUES
(1, '2 GB DDR2', 3),
(2, '2 GB DDR2', 4),
(3, '2 GB DDR3', 1),
(4, '2 GB DDR3', 2),
(5, '2 GB DDR3', 3),
(6, '2 GB DDR3', 4),
(7, '3 GB DDR3', 1),
(8, '4 GB DDR3', 2),
(9, '4 GB DDR3', 3),
(10, '4 GB DDR3', 4),
(11, '4 GB DDR4', 5),
(12, '4 GB DDR4', 3),
(13, '4 GB DDR4', 4),
(14, '8 GB DDR4', 5),
(15, '8 GB DDR4', 4),
(16, '16 GB DDR4', 5),
(17, '16 GB DDR4', 4),
(18, '2 GB DDR2', 6),
(19, '2 GB DDR2', 7),
(20, '2 GB DDR2', 8),
(21, '2 GB DDR3', 6),
(22, '2 GB DDR3', 8),
(23, '4 GB DDR3', 6),
(24, '4 GB DDR3', 7),
(25, '4 GB DDR3', 8),
(26, '4 GB DDR3', 9),
(27, '4 GB DDR4', 6),
(28, '4 GB DDR4', 7),
(29, '4 GB DDR4', 8),
(30, '4 GB DDR4', 9),
(31, '8 GB DDR4', 6),
(32, '8 GB DDR4', 7),
(33, '8 GB DDR4', 8),
(34, '8 GB DDR4', 9),
(35, '4 GB DDR4', 10),
(36, '16 GB DDR4', 6),
(37, '16 GB DDR4', 7),
(38, '16 GB DDR4', 8),
(40, '16 GB DDR4', 9),
(41, '8 GB DDR4', 10),
(42, '4 GB DDR4', 11),
(43, '8 GB DDR4', 11),
(44, '16 GB DDR4', 11),
(45, '16 GB DDR4', 10),
(46, '4 GB DDR3', 1),
(47, '8 GB DDR3', 2),
(48, '12 GB DDR3', 5),
(49, '8 GB DDR3', 6),
(50, '8 GB DDR3', 7),
(51, '8 GB DDR3', 8),
(52, '8 GB DDR3', 9),
(53, '8 GB DDR3', 10),
(54, '12 GB DDR3', 1),
(55, '12 GB DDR3', 2),
(56, '12 GB DDR3', 3),
(57, '12 GB DDR3', 4),
(58, '12 GB DDR3', 6),
(59, '12 GB DDR3', 7),
(60, '12 GB DDR3', 8),
(61, '12 GB DDR3', 9),
(62, '12 GB DDR3', 10),
(63, '8 GB DDR4', 3),
(64, '4 GB DDR4', 12),
(65, '8 GB DDR4', 12),
(66, '16 GB DDR4', 12),
(67, '4 GB DDR4', 13),
(68, '8 GB DDR4', 13),
(69, '16 GB DDR4', 13);

-- --------------------------------------------------------

--
-- Table structure for table `segments`
--

CREATE TABLE `segments` (
  `id` int(11) NOT NULL,
  `name` varchar(100) NOT NULL,
  `department_id` int(11) NOT NULL DEFAULT 1
) ENGINE=InnoDB DEFAULT CHARSET=utf8 COLLATE=utf8_general_ci;

--
-- Dumping data for table `segments`
--

INSERT INTO `segments` (`id`, `name`, `department_id`) VALUES
(1, 'ส่วนบริหารการศึกษา', 2),
(2, 'ส่วนส่งเสริมการศึกษา ศาสนาและวัฒนธรรม', 2),
(3, 'ส่วนควบคุมอาคารและผังเมือง', 3),
(4, 'ส่วนควบคุมการก่อสร้าง', 3),
(5, 'ส่วนการโยธา', 3),
(6, '-', 1),
(7, '-', 2),
(8, '-', 3),
(9, '-', 4),
(10, '-', 5),
(11, '-', 6),
(12, '-', 7),
(13, '-', 8),
(14, '-', 9),
(15, '-', 10);

-- --------------------------------------------------------

--
-- Table structure for table `spec_cpus`
--

CREATE TABLE `spec_cpus` (
  `id` int(11) NOT NULL,
  `name` varchar(100) NOT NULL,
  `brand_cpu_id` int(11) NOT NULL DEFAULT 1
) ENGINE=InnoDB DEFAULT CHARSET=utf8 COLLATE=utf8_general_ci;

--
-- Dumping data for table `spec_cpus`
--

INSERT INTO `spec_cpus` (`id`, `name`, `brand_cpu_id`) VALUES
(1, 'CORE-I3', 1),
(2, 'CORE-I5', 1),
(3, 'CORE-I7', 1),
(4, 'PENTIUM', 1),
(5, 'PENTIUM GOLD', 1),
(6, 'CELERON', 1),
(7, 'CORE2DUO', 1),
(8, 'DUO2CORE', 1),
(9, 'RYZEN 3', 2),
(10, 'RYZEN 5', 2),
(11, 'RYZEN 7', 2),
(12, 'ATHLON 200GE', 2),
(13, 'ATHLON 200GF', 2),
(14, 'ATHLON', 2),
(15, 'AMD', 2),
(16, 'AMD FX8300', 2),
(17, 'AMD FX-8320', 2),
(18, 'AMD FX-6100', 2),
(19, 'AMD FX-6300', 2),
(20, 'AMD PX-83705', 2),
(21, 'XEON', 1);

-- --------------------------------------------------------

--
-- Table structure for table `status_equipments`
--

CREATE TABLE `status_equipments` (
  `id` int(11) NOT NULL,
  `sortname` varchar(3) NOT NULL,
  `name` varchar(100) NOT NULL
) ENGINE=InnoDB DEFAULT CHARSET=utf8 COLLATE=utf8_general_ci;

--
-- Dumping data for table `status_equipments`
--

INSERT INTO `status_equipments` (`id`, `sortname`, `name`) VALUES
(1, 'กช', 'กำลังใช้งาน'),
(2, 'ชร', 'ชำรุด/กำลังซ่อมแซม'),
(3, 'อย', 'โอนย้าย'),
(4, 'รจ', 'รอจำหน่าย');

-- --------------------------------------------------------

--
-- Table structure for table `storage_devices`
--

CREATE TABLE `storage_devices` (
  `id` int(11) NOT NULL,
  `sortname` varchar(3) NOT NULL,
  `name` varchar(100) NOT NULL
) ENGINE=InnoDB DEFAULT CHARSET=utf8 COLLATE=utf8_general_ci;

--
-- Dumping data for table `storage_devices`
--

INSERT INTO `storage_devices` (`id`, `sortname`, `name`) VALUES
(1, 'HHD', 'Hard Disk'),
(2, 'SSD', 'Solid State Drive'),
(3, 'M.2', 'M.2');

-- --------------------------------------------------------

--
-- Table structure for table `storage_specs`
--

CREATE TABLE `storage_specs` (
  `id` int(11) NOT NULL,
  `name` varchar(100) NOT NULL,
  `storage_device_id` int(11) NOT NULL DEFAULT 1
) ENGINE=InnoDB DEFAULT CHARSET=utf8 COLLATE=utf8_general_ci;

--
-- Dumping data for table `storage_specs`
--

INSERT INTO `storage_specs` (`id`, `name`, `storage_device_id`) VALUES
(1, '250 GB', 1),
(2, '500 GB', 1),
(3, '512 GB', 1),
(4, '1 TB', 1),
(5, '2 TB', 1),
(6, '128 GB', 2),
(7, '180 GB', 2),
(8, '256 GB', 2),
(9, '512 GB', 2),
(10, '1 TB', 2),
(11, '1 TB', 3),
(12, '512 GB', 3),
(13, '256 GB', 3);

-- --------------------------------------------------------

--
-- Table structure for table `workings`
--

CREATE TABLE `workings` (
  `id` int(11) NOT NULL,
  `name` varchar(100) NOT NULL,
  `division_id` int(11) NOT NULL DEFAULT 1
) ENGINE=InnoDB DEFAULT CHARSET=utf8 COLLATE=utf8_general_ci;

--
-- Dumping data for table `workings`
--

INSERT INTO `workings` (`id`, `name`, `division_id`) VALUES
(1, 'งานธุรการ', 1),
(2, 'งานสารบรรณ', 1),
(3, 'งานศูนย์บริการร่วมและรับเรื่องราวร้องทุกข์', 1),
(4, 'งานส่งเสริมการท่องเที่ยว', 2),
(5, 'งานควบคุมเทศพาณิชย์', 2),
(6, 'งานป้องกันและบรรเทาสาธารณภัย', 3),
(7, 'งานรักษาความสงบ', 3),
(8, 'งานอาสาป้องกันภัยฝ่ายพลเรือน', 3),
(9, 'งานบริหารกิจการสภา', 4),
(10, 'งานกฎหมาย', 4),
(11, 'งานเลขานุการผู้บริหารและรัฐพิธี', 4),
(12, 'งานทะเบียนราษฎร', 5),
(13, 'งานบัตรประจำตัวประชาชน', 5),
(14, 'งานข้อมูลทะเบียนราษฎรและบัตรประจำตัวประชาชน', 5),
(15, 'งานบริหารกิจการสถานีขนส่ง', 6),
(16, 'งานการเงินและบัญชี', 6),
(17, 'งานรับเรื่องราวร้องทุกข์', 7),
(18, 'งานนิติกรรมสัญญา', 7),
(19, 'งานบังคับคดี', 7),
(20, 'งานธุรการ', 8),
(21, 'งานแผนงานและโครงการ', 8),
(22, 'งานระบบสารสนเทศ', 8),
(23, 'งานงบประมาณ', 8),
(24, 'งานพัสดุ', 8),
(25, 'งานการเงินและบัญชี', 8),
(26, 'งานการศึกษาปฐมวัย', 9),
(27, 'งานโรงเรียน', 9),
(28, 'งานกิจการนักเรียน', 9),
(29, 'งานศูนย์พัฒนาเด็กเล็ก', 9),
(30, 'งานส่งเสริมคุณภาพและมาตรฐานหลักสูตร', 10),
(31, 'งานพัฒนาสื่อเทคโนโลยีและนวัตกรรมทางการศึกษา', 10),
(32, 'งานการศึกษานอกระบบและตามอัธยาศัย', 11),
(33, 'งานห้องสมุด', 11),
(34, 'งานพิพิธภัณฑ์และเครือข่ายทางการศึกษา', 11),
(35, 'งานกิจกรรมเด็กและเยาวชน', 12),
(36, 'งานกีฬาและนันทนาการ', 12),
(37, 'งานกิจการศาสนา', 13),
(38, 'งานส่งเสริมประเพณี ศิลปวัฒนธรรม', 13),
(39, 'งานธุรการ (สำนัก)', 14),
(40, 'งานการเงินและบัญชี (สำนัก)', 14),
(41, 'งานสารบรรณ', 14),
(42, 'งานธุรการ', 34),
(43, 'งานควบคุมอาคาร', 15),
(44, 'งานขออนุญาตอาคาร', 15),
(45, 'งานจัดทำผังเมือง', 16),
(46, 'งานควบคุมผังเมือง', 16),
(47, 'งานอนุรักษ์สถาปัตยกรรมและโบราณสถาน', 16),
(48, 'งานธุรการ', 35),
(49, 'งานประมาณราคา', 35),
(50, 'งานแผนงานและโครงการ', 35),
(51, 'งานวิศวกรรมโยธา 1', 18),
(52, 'งานวิศวกรรมโยธา 2', 18),
(53, 'งานสถาปัตยกรรม 1', 19),
(54, 'งานสถาปัตยกรรม 2', 19),
(55, 'งานธุรการ', 43),
(56, 'งานบำรุงรักษาทางและสะพาน', 20),
(57, 'งานบำรุงรักษาสถานที่', 20),
(58, 'งานไฟฟ้าสาธารณะ', 20),
(59, 'งานเรือนเพาะชำและขยายพันธุ์', 36),
(60, 'งานควบคุมและบำรุงรักษาสวนสาธารณะ', 36),
(61, 'งานวางแผนและบริหารเครื่องจักรกลและยานพาหนะ', 39),
(62, 'งานซ่อมและบำรุงเครื่องจักรกลและยานพาหนะ', 39),
(63, 'งานวางระบบจราจร', 40),
(64, 'งานพัฒนาการสอน', 44),
(65, 'งานกำจัดขยะมูลฝอยและสิ่งปฏิกูล', 42),
(66, 'งานเครื่องจักรกลและซ่อมบำรุง', 42),
(67, 'งานควบคุมและตรวจสอบการบำบัดน้ำเสีย', 42),
(68, 'งานวิจัยและประเมินผลและบริการทางการศึกษา', 44),
(69, 'งานวิเคราะห์คุณภาพน้ำ', 42),
(70, 'งานซ่อมแซมและบำรุงรักษา', 42),
(71, 'งานแบบแผนและก่อสร้าง', 42),
(72, 'งานธุรการ', 21),
(73, 'งานการเงินและบัญชี (กอง)', 21),
(74, 'งานการเงินและบัญชี', 22),
(75, 'งานระเบียบและสถิติการคลัง', 22),
(76, 'งานพัสดุ', 22),
(77, 'งานทะเบียนทรัพย์สิน', 22),
(78, 'งานพัฒนารายได้', 23),
(79, 'งานเร่งรัดรายได้', 23),
(80, 'งานผลประโยชน์', 23),
(81, 'งานกิจการพาณิชย์', 23),
(82, 'งานจัดเก็บภาษี', 23),
(83, 'งานแผนที่ภาษีและทะเบียนทรัพย์สิน', 23),
(84, 'งานบริการข้อมูลแผนที่ภาษีและทะเบียนทรัพย์สิน', 23),
(85, 'งานธุรการ', 24),
(86, 'งานการเงินและบัญชี', 24),
(87, 'งานสุขาภิบาลอนามัยและสิ่งแวดล้อม', 25),
(88, 'งานสุขาภิบาลอาหารและคุ้มครองผู้บริโภค', 25),
(89, 'งานรักษาความสะอาด', 25),
(90, 'งานตลาด', 25),
(91, 'งานศูนย์บริการสาธารณสุข', 25),
(92, 'งานทันตกรรม', 25),
(93, 'งานส่งเสริมสุขภาพ', 26),
(94, 'งานป้องกันและควบคุมโรคติดต่อ', 26),
(95, 'งานสัตวแพทย์', 26),
(96, 'งานธุรการ', 27),
(97, 'งานสารบรรณ', 27),
(98, 'งานประชาสัมพันธ์', 28),
(99, 'งานศูนย์เทคโนโลยีสารสนเทศและการสื่อสาร', 28),
(100, 'งานวิเคราะห์นโยบายและแผน', 29),
(101, 'งานจัดทำงบประมาณ', 29),
(102, 'งานวิจัยและประเมินผล', 29),
(103, 'งานธุรการ', 37),
(104, 'งานสังคมสงเคราะห์', 30),
(105, 'งานส่งเสริมและพัฒนาเด็ก สตรี คนพิการ และคนชรา', 30),
(106, 'งานพัฒนาชุมชน', 31),
(107, 'งานชุมชนเมือง', 31),
(108, 'งานส่งเสริมการจัดสวัสดิการสังคม', 31),
(109, 'งานส่งเสริมและพัฒนาอาชีพ', 31),
(110, 'งานธุรการ', 38),
(111, 'งานการเจ้าหน้าที่', 32),
(112, 'งานบุคลากรทางการศึกษา', 32),
(113, 'งานอัตรากำลังและข้อมูลบุคลากร', 32),
(114, 'งานพัฒนาบุคลากร', 33),
(115, 'งานสิทธิสวัสดิการ', 33),
(116, 'งานการรักษาวินัย', 33),
(117, 'งานส่งเสริมคุณธรรม', 33),
(118, '-', 41),
(119, 'งานสัญญาณไฟฟ้าและเครื่องหมายจราจร', 40),
(120, 'งานพัฒนาการนิเทศ', 44),
(121, '-', 1),
(122, '-', 2),
(123, '-', 3),
(124, '-', 4),
(125, '-', 5),
(126, '-', 6),
(127, '-', 7),
(128, '-', 8),
(129, '-', 9),
(131, '-', 10),
(132, '-', 11),
(133, '-', 12),
(134, '-', 13),
(135, '-', 14),
(136, '-', 15),
(137, '-', 16),
(138, '-', 17),
(139, '-', 18),
(140, '-', 19),
(141, '-', 20),
(142, '-', 21),
(143, '-', 22),
(144, '-', 23),
(145, '-', 24),
(146, '-', 25),
(147, '-', 26),
(148, '-', 27),
(149, '-', 28),
(150, '-', 29),
(151, '-', 30),
(152, '-', 31),
(153, '-', 32),
(154, '-', 33),
(155, '-', 36),
(156, '-', 39),
(157, '-', 40),
(158, '-', 42),
(159, '-', 44),
(160, '-', 45),
(161, '-', 46),
(162, '-', 47),
(163, '-', 48),
(164, '-', 49),
(165, '-', 50),
(166, '-', 37),
(167, '-', 38),
(168, '-', 51),
(169, '-', 52),
(170, '-', 34),
(171, '-', 35),
(172, '-', 43),
(173, '-', 53);

--
-- Indexes for dumped tables
--

--
-- Indexes for table `brand_cpus`
--
ALTER TABLE `brand_cpus`
  ADD PRIMARY KEY (`id`);

--
-- Indexes for table `computer_cases`
--
ALTER TABLE `computer_cases`
  ADD PRIMARY KEY (`id`);

--
-- Indexes for table `computer_lists`
--
ALTER TABLE `computer_lists`
  ADD PRIMARY KEY (`id`),
  ADD KEY `serial_number` (`serial_number`),
  ADD KEY `year_equipment` (`year_equipment`),
  ADD KEY `computer_type` (`computer_type`),
  ADD KEY `ram_computer` (`ram_computer`),
  ADD KEY `microsoft_office` (`microsoft_office`),
  ADD KEY `os_computer` (`os_computer`),
  ADD KEY `department` (`department`),
  ADD KEY `segment` (`segment`),
  ADD KEY `division` (`division`),
  ADD KEY `working` (`working`),
  ADD KEY `owner_computer` (`owner_computer`),
  ADD KEY `created_at` (`created_at`);

--
-- Indexes for table `computer_models`
--
ALTER TABLE `computer_models`
  ADD PRIMARY KEY (`id`);

--
-- Indexes for table `computer_types`
--
ALTER TABLE `computer_types`
  ADD PRIMARY KEY (`id`);

--
-- Indexes for table `departments`
--
ALTER TABLE `departments`
  ADD PRIMARY KEY (`id`);

--
-- Indexes for table `divisions`
--
ALTER TABLE `divisions`
  ADD PRIMARY KEY (`id`);

--
-- Indexes for table `microsoft_offices`
--
ALTER TABLE `microsoft_offices`
  ADD PRIMARY KEY (`id`);

--
-- Indexes for table `os_computers`
--
ALTER TABLE `os_computers`
  ADD PRIMARY KEY (`id`);

--
-- Indexes for table `ram_computers`
--
ALTER TABLE `ram_computers`
  ADD PRIMARY KEY (`id`);

--
-- Indexes for table `segments`
--
ALTER TABLE `segments`
  ADD PRIMARY KEY (`id`);

--
-- Indexes for table `spec_cpus`
--
ALTER TABLE `spec_cpus`
  ADD PRIMARY KEY (`id`);

--
-- Indexes for table `status_equipments`
--
ALTER TABLE `status_equipments`
  ADD PRIMARY KEY (`id`);

--
-- Indexes for table `storage_devices`
--
ALTER TABLE `storage_devices`
  ADD PRIMARY KEY (`id`);

--
-- Indexes for table `storage_specs`
--
ALTER TABLE `storage_specs`
  ADD PRIMARY KEY (`id`);

--
-- Indexes for table `workings`
--
ALTER TABLE `workings`
  ADD PRIMARY KEY (`id`);

--
-- AUTO_INCREMENT for dumped tables
--

--
-- AUTO_INCREMENT for table `brand_cpus`
--
ALTER TABLE `brand_cpus`
  MODIFY `id` int(11) NOT NULL AUTO_INCREMENT, AUTO_INCREMENT=3;

--
-- AUTO_INCREMENT for table `computer_cases`
--
ALTER TABLE `computer_cases`
  MODIFY `id` int(11) NOT NULL AUTO_INCREMENT, AUTO_INCREMENT=27;

--
-- AUTO_INCREMENT for table `computer_lists`
--
ALTER TABLE `computer_lists`
  MODIFY `id` int(11) NOT NULL AUTO_INCREMENT, AUTO_INCREMENT=466;

--
-- AUTO_INCREMENT for table `computer_models`
--
ALTER TABLE `computer_models`
  MODIFY `id` int(11) NOT NULL AUTO_INCREMENT, AUTO_INCREMENT=62;

--
-- AUTO_INCREMENT for table `computer_types`
--
ALTER TABLE `computer_types`
  MODIFY `id` int(11) NOT NULL AUTO_INCREMENT, AUTO_INCREMENT=4;

--
-- AUTO_INCREMENT for table `departments`
--
ALTER TABLE `departments`
  MODIFY `id` int(11) NOT NULL AUTO_INCREMENT, AUTO_INCREMENT=11;

--
-- AUTO_INCREMENT for table `divisions`
--
ALTER TABLE `divisions`
  MODIFY `id` int(11) NOT NULL AUTO_INCREMENT, AUTO_INCREMENT=54;

--
-- AUTO_INCREMENT for table `microsoft_offices`
--
ALTER TABLE `microsoft_offices`
  MODIFY `id` int(11) NOT NULL AUTO_INCREMENT, AUTO_INCREMENT=364;

--
-- AUTO_INCREMENT for table `os_computers`
--
ALTER TABLE `os_computers`
  MODIFY `id` int(11) NOT NULL AUTO_INCREMENT, AUTO_INCREMENT=1051;

--
-- AUTO_INCREMENT for table `ram_computers`
--
ALTER TABLE `ram_computers`
  MODIFY `id` int(11) NOT NULL AUTO_INCREMENT, AUTO_INCREMENT=70;

--
-- AUTO_INCREMENT for table `segments`
--
ALTER TABLE `segments`
  MODIFY `id` int(11) NOT NULL AUTO_INCREMENT, AUTO_INCREMENT=16;

--
-- AUTO_INCREMENT for table `spec_cpus`
--
ALTER TABLE `spec_cpus`
  MODIFY `id` int(11) NOT NULL AUTO_INCREMENT, AUTO_INCREMENT=22;

--
-- AUTO_INCREMENT for table `status_equipments`
--
ALTER TABLE `status_equipments`
  MODIFY `id` int(11) NOT NULL AUTO_INCREMENT, AUTO_INCREMENT=5;

--
-- AUTO_INCREMENT for table `storage_devices`
--
ALTER TABLE `storage_devices`
  MODIFY `id` int(11) NOT NULL AUTO_INCREMENT, AUTO_INCREMENT=4;

--
-- AUTO_INCREMENT for table `storage_specs`
--
ALTER TABLE `storage_specs`
  MODIFY `id` int(11) NOT NULL AUTO_INCREMENT, AUTO_INCREMENT=14;

--
-- AUTO_INCREMENT for table `workings`
--
ALTER TABLE `workings`
  MODIFY `id` int(11) NOT NULL AUTO_INCREMENT, AUTO_INCREMENT=174;
COMMIT;

/*!40101 SET CHARACTER_SET_CLIENT=@OLD_CHARACTER_SET_CLIENT */;
/*!40101 SET CHARACTER_SET_RESULTS=@OLD_CHARACTER_SET_RESULTS */;
/*!40101 SET COLLATION_CONNECTION=@OLD_COLLATION_CONNECTION */;
